# Blender 5.1.2
# www.blender.org
mtllib AppleGarden.mtl
o Trunk.001
v -0.038141 10.785180 -2.378470
v 0.253255 15.493863 -1.906232
v 0.872060 10.785180 -2.197419
v 0.982739 15.493863 -1.761129
v 1.643691 10.785180 -1.681832
v 1.601166 15.493863 -1.347910
v 2.159278 10.785180 -0.910201
v 2.014384 15.493863 -0.729484
v 2.340328 10.785180 0.000000
v 2.159488 15.493863 0.000000
v 2.159278 10.785180 0.910201
v 2.014384 15.493863 0.729484
v 1.643691 10.785180 1.681832
v 1.601166 15.493863 1.347910
v 0.872060 10.785180 2.197419
v 0.982739 15.493863 1.761129
v -0.038141 10.785180 2.378470
v 0.253255 15.493863 1.906232
v -0.948342 10.785180 2.197419
v -0.476228 15.493863 1.761129
v -1.719973 10.785180 1.681832
v -1.094654 15.493863 1.347910
v -2.235561 10.785180 0.910201
v -1.507874 15.493863 0.729484
v -2.416611 10.785180 0.000000
v -1.652977 15.493863 0.000000
v -2.235561 10.785180 -0.910201
v -1.507874 15.493863 -0.729484
v -1.719973 10.785180 -1.681832
v -1.094654 15.493863 -1.347910
v -0.948342 10.785180 -2.197419
v -0.476228 15.493863 -1.761129
v 0.418600 18.558191 -1.695705
v 1.067518 18.558191 -1.566627
v 1.617644 18.558191 -1.199044
v 1.985227 18.558191 -0.648918
v 2.114305 18.558191 0.000000
v 1.985227 18.558191 0.648918
v 1.617644 18.558191 1.199044
v 1.067518 18.558191 1.566627
v 0.418600 18.558191 1.695705
v -0.230318 18.558191 1.566627
v -0.780444 18.558191 1.199044
v -1.148026 18.558191 0.648918
v -1.277104 18.558191 0.000000
v -1.148026 18.558191 -0.648918
v -0.780444 18.558191 -1.199044
v -0.230318 18.558191 -1.566627
v 0.447670 21.967022 -1.514037
v 1.027067 21.967022 -1.398788
v 1.518256 21.967022 -1.070586
v 1.846458 21.967022 -0.579397
v 1.961707 21.967022 -0.000000
v 1.846458 21.967022 0.579397
v 1.518256 21.967022 1.070586
v 1.027067 21.967022 1.398788
v 0.447670 21.967022 1.514037
v -0.131727 21.967022 1.398788
v -0.622916 21.967022 1.070586
v -0.951118 21.967022 0.579397
v -1.066367 21.967022 -0.000000
v -0.951118 21.967022 -0.579397
v -0.622916 21.967022 -1.070586
v -0.131727 21.967022 -1.398788
v -4.395305 28.269283 -1.055087
v -3.991541 28.269283 -0.974773
v -3.649246 28.269283 -0.746059
v -3.420532 28.269283 -0.403764
v -3.340218 28.269283 -0.000000
v -3.420532 28.269283 0.403764
v -3.649246 28.269283 0.746059
v -3.991541 28.269283 0.974773
v -4.395305 28.269283 1.055087
v -4.799069 28.269283 0.974773
v -5.141364 28.269283 0.746059
v -5.370078 28.269283 0.403764
v -5.450392 28.269283 -0.000000
v -5.370078 28.269283 -0.403764
v -5.141364 28.269283 -0.746059
v -4.799069 28.269283 -0.974773
v -4.802278 31.691280 -0.828456
v -4.485241 31.691280 -0.765393
v -4.216471 31.691280 -0.585807
v -4.036884 31.691280 -0.317036
v -3.973822 31.691280 0.000000
v -4.036884 31.691280 0.317036
v -4.216471 31.691280 0.585807
v -4.485241 31.691280 0.765393
v -4.802278 31.691280 0.828456
v -5.119314 31.691280 0.765393
v -5.388084 31.691280 0.585807
v -5.567671 31.691280 0.317036
v -5.630733 31.691280 0.000000
v -5.567671 31.691280 -0.317036
v -5.388084 31.691280 -0.585807
v -5.119314 31.691280 -0.765393
v -4.901114 35.556484 -0.564158
v -4.685220 35.556484 -0.521214
v -4.502194 35.556484 -0.398920
v -4.379900 35.556484 -0.215894
v -4.336956 35.556484 0.000000
v -4.379900 35.556484 0.215894
v -4.502194 35.556484 0.398920
v -4.685220 35.556484 0.521214
v -4.901114 35.556484 0.564158
v -5.117008 35.556484 0.521214
v -5.300034 35.556484 0.398920
v -5.422328 35.556484 0.215894
v -5.465272 35.556484 0.000000
v -5.422328 35.556484 -0.215894
v -5.300034 35.556484 -0.398920
v -5.117008 35.556484 -0.521214
v -0.744623 23.678368 1.410645
v -1.923786 24.911713 1.247338
v -3.894796 26.347866 1.080404
v -4.223355 26.158173 0.826905
v -2.073593 24.500122 0.954671
v -1.150392 23.394245 1.079661
v 0.618421 24.632782 -1.079661
v -1.420559 26.294317 -0.954671
v -2.791114 26.985077 -0.826905
v -2.571578 27.111826 -0.447518
v -1.320461 26.569334 -0.516664
v 0.889547 24.822626 -0.584308
v -4.442892 26.031422 0.447518
v -2.173691 24.225105 0.516664
v -1.421518 23.204401 0.584308
v -2.494487 27.156334 0.000000
v -1.285311 26.665909 0.000000
v 0.984754 24.889290 0.000000
v -4.519983 25.986914 -0.000000
v -2.208840 24.128532 -0.000000
v -1.516725 23.137737 -0.000000
v -2.571577 27.111826 0.447518
v -1.320461 26.569334 0.516665
v 0.889547 24.822626 0.584308
v -4.442892 26.031422 -0.447518
v -2.173691 24.225105 -0.516665
v -1.421518 23.204401 -0.584308
v -2.791114 26.985077 0.826905
v -1.420559 26.294317 0.954672
v 0.618421 24.632782 1.079661
v -4.223355 26.158173 -0.826905
v -2.073593 24.500122 -0.954672
v -1.150392 23.394245 -1.079661
v -3.119673 26.795383 1.080404
v -1.570366 25.882725 1.247339
v 0.212652 24.348660 1.410645
v -3.894796 26.347866 -1.080404
v -1.923785 24.911713 -1.247339
v -0.744623 23.678368 -1.410645
v -3.507234 26.571625 1.169421
v -1.747076 25.397221 1.350109
v -0.265985 24.013514 1.526871
v -0.265985 24.013514 -1.526871
v -1.747076 25.397221 -1.350109
v -3.507234 26.571625 -1.169421
v -3.119673 26.795383 -1.080404
v -1.570366 25.882725 -1.247338
v 0.212652 24.348660 -1.410645
vn 0.1944 0.0860 -0.9772
vn 0.5544 0.0639 -0.8298
vn 0.8306 0.0469 -0.5550
vn 0.9801 0.0376 -0.1950
vn 0.9801 0.0376 0.1950
vn 0.8306 0.0469 0.5550
vn 0.5544 0.0639 0.8298
vn 0.1944 0.0860 0.9772
vn -0.1939 0.1098 0.9749
vn -0.5507 0.1316 0.8242
vn -0.8223 0.1482 0.5494
vn -0.9686 0.1571 0.1927
vn -0.9686 0.1571 -0.1927
vn -0.8223 0.1482 -0.5494
vn 0.8313 0.0225 -0.5554
vn -0.5507 0.1316 -0.8242
vn -0.1939 0.1098 -0.9749
vn -0.0000 -1.0000 -0.0000
vn 0.9798 0.0439 0.1949
vn 0.1948 0.0568 0.9792
vn 0.1948 0.0568 -0.9792
vn -0.9738 0.1194 -0.1937
vn 0.8313 0.0225 0.5554
vn -0.8263 0.1115 0.5521
vn -0.1945 0.0777 -0.9778
vn 0.9807 0.0145 -0.1951
vn -0.1945 0.0777 0.9778
vn -0.8263 0.1115 -0.5521
vn 0.5552 0.0374 -0.8309
vn 0.5552 0.0374 0.8309
vn -0.9738 0.1194 0.1937
vn 0.9807 0.0145 0.1951
vn -0.5530 0.0969 0.8276
vn -0.5530 0.0969 -0.8276
vn -0.5330 -0.2029 0.8214
vn -0.9790 0.0605 -0.1947
vn 0.8306 0.0451 0.5550
vn -0.8300 0.0593 -0.5546
vn 0.5549 0.0475 0.8305
vn -0.5547 0.0569 -0.8301
vn 0.1948 0.0505 0.9795
vn 0.1948 0.0505 -0.9795
vn -0.1948 0.0539 -0.9794
vn -0.1948 0.0539 0.9794
vn 0.5549 0.0475 -0.8305
vn -0.5547 0.0569 0.8301
vn 0.8306 0.0451 -0.5550
vn -0.8300 0.0593 0.5546
vn 0.9798 0.0439 -0.1949
vn -0.9790 0.0605 0.1947
vn 0.5509 0.1299 0.8244
vn 0.6889 0.5080 -0.5171
vn -0.7802 -0.3156 0.5400
vn 0.7872 0.5910 -0.1764
vn -0.9092 -0.3718 0.1875
vn 0.7872 0.5910 0.1764
vn -0.9092 -0.3718 -0.1875
vn 0.6889 0.5080 0.5171
vn -0.7802 -0.3156 -0.5400
vn 0.4778 0.3540 0.8040
vn -0.5330 -0.2029 -0.8214
vn 0.1636 0.1583 0.9737
vn 0.1636 0.1583 -0.9737
vn -0.1986 -0.0388 -0.9793
vn -0.1986 -0.0388 0.9793
vn 0.4778 0.3540 -0.8040
vn -0.9799 0.0419 0.1949
vn -0.5556 -0.0011 -0.8315
vn 0.1943 0.0878 0.9770
vn 0.1943 0.0878 -0.9770
vn -0.1949 0.0417 -0.9799
vn -0.1949 0.0417 0.9799
vn 0.5509 0.1299 -0.8244
vn -0.5556 -0.0011 0.8315
vn 0.8205 0.1617 -0.5483
vn -0.8310 -0.0339 0.5553
vn 0.9650 0.1787 -0.1920
vn -0.9795 -0.0516 0.1948
vn 0.9650 0.1787 0.1920
vn -0.9795 -0.0516 -0.1948
vn 0.8205 0.1617 0.5483
vn -0.8310 -0.0339 -0.5553
vn -0.0000 1.0000 -0.0000
vn 0.9766 0.0918 0.1943
vn -0.9799 0.0419 -0.1949
vn 0.8282 0.0880 0.5534
vn -0.8306 0.0458 -0.5550
vn 0.5537 0.0810 0.8287
vn -0.5548 0.0528 -0.8303
vn 0.1946 0.0719 0.9782
vn 0.1946 0.0719 -0.9782
vn -0.1947 0.0620 -0.9789
vn -0.1947 0.0620 0.9789
vn 0.5537 0.0810 -0.8287
vn -0.5548 0.0528 0.8303
vn 0.8282 0.0880 -0.5534
vn -0.8306 0.0458 0.5550
vn 0.9766 0.0918 -0.1943
vn 0.5444 0.1815 -0.8190
vn 0.3309 0.4696 -0.8186
vn 0.2224 0.5526 -0.8032
vn -0.1908 -0.0738 0.9789
vn -0.2127 -0.0898 0.9730
vn -0.1771 -0.1231 0.9765
vn -0.1908 -0.0738 -0.9789
vn -0.2127 -0.0898 -0.9730
vn -0.1771 -0.1231 -0.9765
vn 0.1946 0.0617 -0.9789
vn 0.0766 0.1995 -0.9769
vn 0.0424 0.2292 -0.9725
vn 0.1946 0.0617 0.9789
vn 0.0766 0.1995 0.9769
vn 0.0424 0.2292 0.9725
vn -0.5380 -0.2009 -0.8187
vn -0.4850 -0.3364 -0.8073
vn -0.3843 -0.4342 -0.8147
vn 0.5444 0.1815 0.8190
vn 0.3309 0.4696 0.8186
vn 0.2224 0.5526 0.8032
vn -0.7892 -0.2984 -0.5368
vn -0.6919 -0.4977 -0.5231
vn -0.5370 -0.6548 -0.5318
vn 0.7998 0.2676 0.5374
vn 0.5127 0.6696 0.5374
vn 0.3321 0.7886 0.5175
vn -0.9176 -0.3512 -0.1861
vn -0.8020 -0.5698 -0.1794
vn -0.6158 -0.7662 -0.1838
vn 0.9317 0.3117 0.1864
vn 0.6056 0.7736 0.1864
vn 0.3768 0.9093 0.1769
vn -0.9176 -0.3512 0.1861
vn -0.8020 -0.5698 0.1794
vn -0.6158 -0.7662 0.1838
vn 0.9317 0.3117 -0.1864
vn 0.6056 0.7736 -0.1864
vn 0.3768 0.9093 -0.1769
vn -0.7892 -0.2984 0.5368
vn -0.6919 -0.4977 0.5231
vn -0.5370 -0.6548 0.5318
vn 0.7998 0.2676 -0.5374
vn 0.5127 0.6696 -0.5374
vn 0.3321 0.7886 -0.5175
vn -0.5380 -0.2009 0.8187
vn -0.4850 -0.3364 0.8073
vn -0.3843 -0.4342 0.8147
vt 0.161787 0.015546
vt 0.152139 0.078609
vt 0.142141 0.077829
vt 0.149397 0.014638
vt 0.132133 0.077328
vt 0.136982 0.014083
vt 0.122123 0.077046
vt 0.124552 0.013790
vt 0.112113 0.076945
vt 0.112115 0.013698
vt 0.102103 0.077046
vt 0.099679 0.013789
vt 0.092093 0.077327
vt 0.087249 0.014081
vt 0.082085 0.077827
vt 0.074833 0.014635
vt 0.072087 0.078606
vt 0.062443 0.015541
vt 0.062118 0.079736
vt 0.050100 0.016909
vt 0.052211 0.081287
vt 0.037834 0.018847
vt 0.042410 0.083317
vt 0.025691 0.021447
vt 0.032748 0.085863
vt 0.013698 0.024781
vt 0.210531 0.024789
vt 0.191476 0.085868
vt 0.181815 0.083322
vt 0.198538 0.021455
vt 0.172014 0.081291
vt 0.186395 0.018854
vt 0.129009 0.117435
vt 0.120552 0.117044
vt 0.162107 0.079739
vt 0.174130 0.016915
vt 0.881438 0.421922
vt 0.884282 0.428788
vt 0.884282 0.436220
vt 0.881438 0.443085
vt 0.876183 0.448340
vt 0.869317 0.451184
vt 0.861886 0.451184
vt 0.855020 0.448340
vt 0.849765 0.443085
vt 0.846921 0.436220
vt 0.846921 0.428788
vt 0.849765 0.421922
vt 0.855020 0.416667
vt 0.861886 0.413823
vt 0.869317 0.413823
vt 0.876183 0.416667
vt 0.103671 0.117044
vt 0.112112 0.116911
vt 0.112111 0.157027
vt 0.105638 0.157305
vt 0.086720 0.118089
vt 0.078175 0.119019
vt 0.146048 0.119021
vt 0.137504 0.118091
vt 0.180516 0.125700
vt 0.171870 0.123565
vt 0.095214 0.117434
vt 0.060963 0.121746
vt 0.052352 0.123562
vt 0.154640 0.120236
vt 0.069583 0.120234
vt 0.163260 0.121748
vt 0.043706 0.125697
vt 0.069032 0.245752
vt 0.075402 0.244692
vt 0.078945 0.276281
vt 0.073231 0.278628
vt 0.169137 0.170513
vt 0.161177 0.168788
vt 0.099097 0.158198
vt 0.153319 0.166533
vt 0.092442 0.159683
vt 0.145787 0.164059
vt 0.085590 0.161690
vt 0.138631 0.161691
vt 0.131780 0.159684
vt 0.078434 0.164058
vt 0.125125 0.158198
vt 0.070903 0.166532
vt 0.118584 0.157305
vt 0.063044 0.168787
vt 0.055084 0.170512
vt 0.090860 0.270851
vt 0.097471 0.268411
vt 0.102052 0.325040
vt 0.097104 0.325744
vt 0.120222 0.240352
vt 0.128049 0.241049
vt 0.126751 0.268411
vt 0.119600 0.266740
vt 0.062682 0.246566
vt 0.067467 0.280538
vt 0.112111 0.240208
vt 0.112111 0.266182
vt 0.056186 0.247116
vt 0.061661 0.281952
vt 0.104000 0.240352
vt 0.104622 0.266740
vt 0.161540 0.246565
vt 0.168035 0.247115
vt 0.162561 0.281950
vt 0.156755 0.280536
vt 0.096172 0.241049
vt 0.155189 0.245752
vt 0.150991 0.278627
vt 0.088818 0.242149
vt 0.148819 0.244691
vt 0.145277 0.276280
vt 0.081940 0.243439
vt 0.084750 0.273607
vt 0.135404 0.242149
vt 0.142281 0.243439
vt 0.139472 0.273606
vt 0.133362 0.270850
vt 0.073267 0.330941
vt 0.077932 0.329852
vt 0.089211 0.386504
vt 0.086004 0.387202
vt 0.141567 0.328744
vt 0.136807 0.327659
vt 0.092228 0.326639
vt 0.131997 0.326638
vt 0.127120 0.325743
vt 0.087417 0.327659
vt 0.122172 0.325040
vt 0.082657 0.328745
vt 0.117161 0.324589
vt 0.112112 0.324431
vt 0.107063 0.324589
vt 0.150957 0.330940
vt 0.146292 0.329851
vt 0.977648 0.444566
vt 0.976974 0.442937
vt 0.976974 0.441174
vt 0.977648 0.439546
vt 0.978895 0.438299
vt 0.980523 0.437625
vt 0.982286 0.437625
vt 0.983914 0.438299
vt 0.985161 0.439546
vt 0.985835 0.441174
vt 0.985835 0.442937
vt 0.985161 0.444566
vt 0.983914 0.445812
vt 0.982286 0.446487
vt 0.980523 0.446487
vt 0.978895 0.445812
vt 0.112113 0.383777
vt 0.108814 0.383846
vt 0.138222 0.387202
vt 0.135015 0.386504
vt 0.105520 0.384041
vt 0.131777 0.385858
vt 0.102234 0.384353
vt 0.128528 0.385276
vt 0.098960 0.384769
vt 0.125266 0.384769
vt 0.121991 0.384353
vt 0.095698 0.385276
vt 0.118706 0.384041
vt 0.092449 0.385858
vt 0.115412 0.383846
vt 0.129783 0.187788
vt 0.123761 0.187949
vt 0.131454 0.215766
vt 0.125084 0.217940
vt 0.088060 0.187589
vt 0.081137 0.187405
vt 0.086374 0.213063
vt 0.079769 0.210185
vt 0.143084 0.187405
vt 0.136161 0.187589
vt 0.144452 0.210185
vt 0.137847 0.213063
vt 0.094438 0.187788
vt 0.092768 0.215766
vt 0.150654 0.187330
vt 0.151436 0.207583
vt 0.100460 0.187949
vt 0.099138 0.217940
vt 0.158769 0.187487
vt 0.158810 0.205771
vt 0.106305 0.188051
vt 0.105586 0.219318
vt 0.167209 0.187980
vt 0.166356 0.205169
vt 0.112111 0.188091
vt 0.112111 0.219732
vt 0.065452 0.187486
vt 0.057011 0.187980
vt 0.065411 0.205771
vt 0.057864 0.205169
vt 0.117916 0.188052
vt 0.118635 0.219318
vt 0.073567 0.187330
vt 0.072785 0.207583
s 0
usemtl Material.001
f 1/1/1 2/2/1 4/3/1 3/4/1
f 3/4/2 4/3/2 6/5/2 5/6/2
f 5/6/3 6/5/3 8/7/3 7/8/3
f 7/8/4 8/7/4 10/9/4 9/10/4
f 9/10/5 10/9/5 12/11/5 11/12/5
f 11/12/6 12/11/6 14/13/6 13/14/6
f 13/14/7 14/13/7 16/15/7 15/16/7
f 15/16/8 16/15/8 18/17/8 17/18/8
f 17/18/9 18/17/9 20/19/9 19/20/9
f 19/20/10 20/19/10 22/21/10 21/22/10
f 21/22/11 22/21/11 24/23/11 23/24/11
f 23/24/12 24/23/12 26/25/12 25/26/12
f 25/27/13 26/28/13 28/29/13 27/30/13
f 27/30/14 28/29/14 30/31/14 29/32/14
f 8/7/15 6/5/15 35/33/15 36/34/15
f 29/32/16 30/31/16 32/35/16 31/36/16
f 31/36/17 32/35/17 2/2/17 1/1/17
f 1/37/18 3/38/18 5/39/18 7/40/18 9/41/18 11/42/18 13/43/18 15/44/18 17/45/18 19/46/18 21/47/18 23/48/18 25/49/18 27/50/18 29/51/18 31/52/18
f 38/53/19 37/54/19 53/55/19 54/56/19
f 18/17/20 16/15/20 40/57/20 41/58/20
f 4/3/21 2/2/21 33/59/21 34/60/21
f 28/29/22 26/28/22 45/61/22 46/62/22
f 14/13/23 12/11/23 38/53/23 39/63/23
f 24/23/24 22/21/24 43/64/24 44/65/24
f 2/2/25 32/35/25 48/66/25 33/59/25
f 10/9/26 8/7/26 36/34/26 37/54/26
f 20/19/27 18/17/27 41/58/27 42/67/27
f 30/31/28 28/29/28 46/62/28 47/68/28
f 6/5/29 4/3/29 34/60/29 35/33/29
f 16/15/30 14/13/30 39/63/30 40/57/30
f 26/25/31 24/23/31 44/65/31 45/69/31
f 12/11/32 10/9/32 37/54/32 38/53/32
f 22/21/33 20/19/33 42/67/33 43/64/33
f 32/35/34 30/31/34 47/68/34 48/66/34
f 116/70/35 115/71/35 74/72/35 75/73/35
f 46/62/36 45/61/36 61/74/36 62/75/36
f 39/63/37 38/53/37 54/56/37 55/76/37
f 47/68/38 46/62/38 62/75/38 63/77/38
f 40/57/39 39/63/39 55/76/39 56/78/39
f 48/66/40 47/68/40 63/77/40 64/79/40
f 41/58/41 40/57/41 56/78/41 57/80/41
f 34/60/42 33/59/42 49/81/42 50/82/42
f 33/59/43 48/66/43 64/79/43 49/81/43
f 42/67/44 41/58/44 57/80/44 58/83/44
f 35/33/45 34/60/45 50/82/45 51/84/45
f 43/64/46 42/67/46 58/83/46 59/85/46
f 36/34/47 35/33/47 51/84/47 52/86/47
f 44/65/48 43/64/48 59/85/48 60/87/48
f 37/54/49 36/34/49 52/86/49 53/55/49
f 45/69/50 44/65/50 60/87/50 61/88/50
f 72/89/51 71/90/51 87/91/51 88/92/51
f 122/93/52 121/94/52 67/95/52 68/96/52
f 125/97/53 116/70/53 75/73/53 76/98/53
f 128/99/54 122/93/54 68/96/54 69/100/54
f 131/101/55 125/97/55 76/98/55 77/102/55
f 134/103/56 128/99/56 69/100/56 70/104/56
f 137/105/57 131/106/57 77/107/57 78/108/57
f 140/109/58 134/103/58 70/104/58 71/90/58
f 143/110/59 137/105/59 78/108/59 79/111/59
f 146/112/60 140/109/60 71/90/60 72/89/60
f 149/113/61 143/110/61 79/111/61 80/114/61
f 152/115/62 146/112/62 72/89/62 73/116/62
f 158/117/63 157/118/63 65/119/63 66/120/63
f 157/118/64 149/113/64 80/114/64 65/119/64
f 115/71/65 152/115/65 73/116/65 74/72/65
f 121/94/66 158/117/66 66/120/66 67/95/66
f 93/121/67 92/122/67 108/123/67 109/124/67
f 80/114/68 79/111/68 95/125/68 96/126/68
f 73/116/69 72/89/69 88/92/69 89/127/69
f 66/120/70 65/119/70 81/128/70 82/129/70
f 65/119/71 80/114/71 96/126/71 81/128/71
f 74/72/72 73/116/72 89/127/72 90/130/72
f 67/95/73 66/120/73 82/129/73 83/131/73
f 75/73/74 74/72/74 90/130/74 91/132/74
f 68/96/75 67/95/75 83/131/75 84/133/75
f 76/98/76 75/73/76 91/132/76 92/122/76
f 69/100/77 68/96/77 84/133/77 85/134/77
f 77/102/78 76/98/78 92/122/78 93/121/78
f 70/104/79 69/100/79 85/134/79 86/135/79
f 78/108/80 77/107/80 93/136/80 94/137/80
f 71/90/81 70/104/81 86/135/81 87/91/81
f 79/111/82 78/108/82 94/137/82 95/125/82
f 98/138/83 97/139/83 112/140/83 111/141/83 110/142/83 109/143/83 108/144/83 107/145/83 106/146/83 105/147/83 104/148/83 103/149/83 102/150/83 101/151/83 100/152/83 99/153/83
f 86/135/84 85/134/84 101/154/84 102/155/84
f 94/137/85 93/136/85 109/156/85 110/157/85
f 87/91/86 86/135/86 102/155/86 103/158/86
f 95/125/87 94/137/87 110/157/87 111/159/87
f 88/92/88 87/91/88 103/158/88 104/160/88
f 96/126/89 95/125/89 111/159/89 112/161/89
f 89/127/90 88/92/90 104/160/90 105/162/90
f 82/129/91 81/128/91 97/163/91 98/164/91
f 81/128/92 96/126/92 112/161/92 97/163/92
f 90/130/93 89/127/93 105/162/93 106/165/93
f 83/131/94 82/129/94 98/164/94 99/166/94
f 91/132/95 90/130/95 106/165/95 107/167/95
f 84/133/96 83/131/96 99/166/96 100/168/96
f 92/122/97 91/132/97 107/167/97 108/123/97
f 85/134/98 84/133/98 100/168/98 101/154/98
f 51/84/99 50/82/99 160/169/99 119/170/99
f 119/170/100 160/169/100 159/171/100 120/172/100
f 120/172/101 159/171/101 158/117/101 121/94/101
f 58/83/102 57/80/102 154/173/102 113/174/102
f 113/174/103 154/173/103 153/175/103 114/176/103
f 114/176/104 153/175/104 152/115/104 115/71/104
f 49/81/105 64/79/105 151/177/105 155/178/105
f 155/178/106 151/177/106 150/179/106 156/180/106
f 156/180/107 150/179/107 149/113/107 157/118/107
f 50/82/108 49/81/108 155/178/108 160/169/108
f 160/169/109 155/178/109 156/180/109 159/171/109
f 159/171/110 156/180/110 157/118/110 158/117/110
f 57/80/111 56/78/111 148/181/111 154/173/111
f 154/173/112 148/181/112 147/182/112 153/175/112
f 153/175/113 147/182/113 146/112/113 152/115/113
f 64/79/114 63/77/114 145/183/114 151/177/114
f 151/177/115 145/183/115 144/184/115 150/179/115
f 150/179/116 144/184/116 143/110/116 149/113/116
f 56/78/117 55/76/117 142/185/117 148/181/117
f 148/181/118 142/185/118 141/186/118 147/182/118
f 147/182/119 141/186/119 140/109/119 146/112/119
f 63/77/120 62/75/120 139/187/120 145/183/120
f 145/183/121 139/187/121 138/188/121 144/184/121
f 144/184/122 138/188/122 137/105/122 143/110/122
f 55/76/123 54/56/123 136/189/123 142/185/123
f 142/185/124 136/189/124 135/190/124 141/186/124
f 141/186/125 135/190/125 134/103/125 140/109/125
f 62/75/126 61/74/126 133/191/126 139/187/126
f 139/187/127 133/191/127 132/192/127 138/188/127
f 138/188/128 132/192/128 131/106/128 137/105/128
f 54/56/129 53/55/129 130/193/129 136/189/129
f 136/189/130 130/193/130 129/194/130 135/190/130
f 135/190/131 129/194/131 128/99/131 134/103/131
f 61/88/132 60/87/132 127/195/132 133/196/132
f 133/196/133 127/195/133 126/197/133 132/198/133
f 132/198/134 126/197/134 125/97/134 131/101/134
f 53/55/135 52/86/135 124/199/135 130/193/135
f 130/193/136 124/199/136 123/200/136 129/194/136
f 129/194/137 123/200/137 122/93/137 128/99/137
f 60/87/138 59/85/138 118/201/138 127/195/138
f 127/195/139 118/201/139 117/202/139 126/197/139
f 126/197/140 117/202/140 116/70/140 125/97/140
f 52/86/141 51/84/141 119/170/141 124/199/141
f 124/199/142 119/170/142 120/172/142 123/200/142
f 123/200/143 120/172/143 121/94/143 122/93/143
f 59/85/144 58/83/144 113/174/144 118/201/144
f 118/201/145 113/174/145 114/176/145 117/202/145
f 117/202/146 114/176/146 115/71/146 116/70/146
o Branch.016
v -5.249569 30.137035 0.747227
v -6.698037 31.480572 0.214326
v -5.466448 29.807417 0.455450
v -6.866687 31.224253 -0.012567
v -5.439538 29.695343 -0.021554
v -6.845761 31.137100 -0.383497
v -5.184603 29.866467 -0.404363
v -6.647517 31.270168 -0.681179
v -4.850981 30.220543 -0.468734
v -6.388084 31.545507 -0.731235
v -4.634102 30.550159 -0.176958
v -6.219434 31.801826 -0.504342
v -4.661012 30.662233 0.300047
v -6.240360 31.888979 -0.133412
v -4.915947 30.491112 0.682856
v -6.438603 31.755909 0.164270
v -7.388926 33.030602 -0.654833
v -7.515762 32.837830 -0.825472
v -7.500025 32.772289 -1.104438
v -7.350932 32.872364 -1.328316
v -7.155820 33.079437 -1.365962
v -7.028983 33.272209 -1.195323
v -7.044720 33.337753 -0.916357
v -7.193813 33.237675 -0.692479
v -8.235955 34.240444 -1.092568
v -8.329695 34.097977 -1.218679
v -8.318064 34.049538 -1.424849
v -8.207876 34.123501 -1.590306
v -8.063678 34.276539 -1.618128
v -7.969939 34.419006 -1.492017
v -7.981570 34.467445 -1.285847
v -8.091758 34.393482 -1.120390
v -9.072373 35.017120 -1.402849
v -9.137424 34.918255 -1.490364
v -9.129353 34.884640 -1.633436
v -9.052888 34.935966 -1.748256
v -8.952822 35.042168 -1.767563
v -8.887771 35.141033 -1.680048
v -8.895842 35.174648 -1.536976
v -8.972307 35.123322 -1.422156
v -9.211633 36.772362 -1.448858
v -9.263859 36.807076 -1.463629
v -9.285390 36.836674 -1.516649
v -9.263612 36.843819 -1.576860
v -9.211282 36.824326 -1.608992
v -9.159056 36.789612 -1.594221
v -9.137526 36.760017 -1.541201
v -9.159304 36.752872 -1.480989
v -9.311860 35.708477 -1.500857
v -9.223095 35.742382 -1.527027
v -9.202682 35.768635 -1.710621
v -9.177872 35.767300 -1.613914
v -9.371758 35.711700 -1.734328
v -9.282993 35.745605 -1.760498
v -9.392171 35.685448 -1.550734
v -9.416981 35.686783 -1.647441
v -4.783756 34.485416 -0.555032
v -3.148448 34.612198 -0.112696
v -4.759096 34.084076 -0.489450
v -3.129271 34.300106 -0.061697
v -4.801044 33.842190 -0.164312
v -3.161891 34.112007 0.191137
v -4.885029 33.901451 0.229919
v -3.227199 34.158089 0.497701
v -4.961853 34.227142 0.462308
v -3.286939 34.411358 0.678413
v -4.986513 34.628483 0.396725
v -3.306116 34.723450 0.627414
v -4.944564 34.870373 0.071588
v -3.273496 34.911545 0.374579
v -4.860580 34.811111 -0.322643
v -3.208187 34.865463 0.068016
v -1.938108 35.023689 0.820801
v -1.923686 34.788975 0.859156
v -1.948218 34.647511 1.049306
v -1.997335 34.682171 1.279863
v -2.042264 34.872643 1.415771
v -2.056686 35.107361 1.377417
v -2.032153 35.248821 1.187267
v -1.983037 35.214165 0.956709
v -0.789791 35.322254 1.297947
v -0.779132 35.148788 1.326293
v -0.797263 35.044239 1.466823
v -0.833562 35.069851 1.637217
v -0.866766 35.210625 1.737660
v -0.877426 35.384090 1.709314
v -0.859295 35.488636 1.568784
v -0.822995 35.463024 1.398390
v 0.155030 35.395042 1.555512
v 0.162427 35.274666 1.575183
v 0.149845 35.202114 1.672704
v 0.124654 35.219887 1.790949
v 0.101612 35.317577 1.860652
v 0.094215 35.437954 1.840981
v 0.106797 35.510506 1.743460
v 0.131988 35.492733 1.625215
v 1.021832 36.451897 2.075159
v 1.074559 36.449341 2.083770
v 1.105521 36.440384 2.126456
v 1.096579 36.430275 2.178212
v 1.052971 36.424938 2.208722
v 1.000244 36.427494 2.200112
v 0.969283 36.436451 2.157426
v 0.978225 36.446556 2.105669
v 0.630784 35.713150 1.774738
v 0.584511 35.757725 1.825402
v 0.591577 35.712826 1.973485
v 0.568271 35.757591 1.907726
v 0.687052 35.605076 1.933495
v 0.640779 35.649651 1.984159
v 0.679986 35.649975 1.785412
v 0.703292 35.605209 1.851171
v -5.276911 33.398731 -0.269530
v -4.918865 33.487114 -1.584296
v -5.179959 33.085957 -0.273223
v -4.843473 33.243893 -1.587168
v -4.894862 32.931347 -0.227872
v -4.621774 33.123665 -1.551902
v -4.588625 33.025471 -0.160043
v -4.383636 33.196861 -1.499156
v -4.440638 33.313190 -0.109469
v -4.268559 33.420601 -1.459828
v -4.537590 33.625965 -0.105776
v -4.343950 33.663818 -1.456957
v -4.822688 33.780575 -0.151127
v -4.565650 33.784050 -1.492223
v -5.128924 33.686451 -0.218956
v -4.803787 33.710854 -1.544968
v -4.206551 33.872528 -2.565606
v -4.149851 33.689606 -2.567766
v -3.983117 33.599190 -2.541244
v -3.804021 33.654236 -2.501575
v -3.717474 33.822502 -2.471998
v -3.774174 34.005421 -2.469838
v -3.940908 34.095840 -2.496361
v -4.120004 34.040794 -2.536029
v -3.845764 34.119732 -3.495863
v -3.803860 33.984543 -3.497460
v -3.680635 33.917721 -3.477859
v -3.548274 33.958401 -3.448541
v -3.484312 34.082760 -3.426682
v -3.526216 34.217949 -3.425086
v -3.649440 34.284771 -3.444687
v -3.781801 34.244091 -3.474005
v -3.637255 34.170654 -4.255454
v -3.608176 34.076843 -4.256562
v -3.522664 34.030468 -4.242960
v -3.430812 34.058701 -4.222615
v -3.386425 34.144997 -4.207446
v -3.415504 34.238811 -4.206338
v -3.501016 34.285187 -4.219941
v -3.592869 34.256954 -4.240285
v -3.330045 35.036171 -4.988985
v -3.322264 35.033104 -5.031158
v -3.286915 35.029564 -5.055370
v -3.244704 35.027622 -5.047441
v -3.220358 35.028412 -5.012014
v -3.228139 35.031475 -4.969842
v -3.263489 35.035015 -4.945629
v -3.305700 35.036961 -4.953558
v -3.492160 34.430058 -4.648299
v -3.457330 34.472881 -4.612538
v -3.334392 34.453381 -4.615441
v -3.391981 34.482544 -4.598929
v -3.353127 34.359653 -4.688164
v -3.318298 34.402477 -4.652403
v -3.476066 34.379158 -4.685262
v -3.418477 34.349995 -4.701774
v -3.900443 33.930538 -2.865807
v -4.280378 34.151005 -2.989364
v -3.931252 33.847481 -2.930051
v -4.304337 34.086414 -3.039321
v -3.919365 33.823124 -3.036075
v -4.295093 34.067474 -3.121769
v -3.871745 33.871742 -3.121773
v -4.258062 34.105282 -3.188410
v -3.816287 33.964855 -3.136944
v -4.214936 34.177689 -3.200207
v -3.785477 34.047916 -3.072700
v -4.190978 34.242279 -3.150249
v -3.797364 34.072269 -2.966676
v -4.200221 34.261219 -3.067802
v -3.844984 34.023651 -2.880978
v -4.237252 34.223412 -3.001161
v -4.505082 34.452366 -3.188039
v -4.523101 34.403790 -3.225610
v -4.516149 34.389545 -3.287617
v -4.488299 34.417980 -3.337735
v -4.455865 34.472435 -3.346607
v -4.437847 34.521011 -3.309036
v -4.444798 34.535255 -3.247030
v -4.472649 34.506821 -3.196911
v -4.747741 34.673256 -3.289630
v -4.761058 34.637356 -3.317398
v -4.755920 34.626831 -3.363223
v -4.735337 34.647842 -3.400264
v -4.711367 34.688087 -3.406820
v -4.698050 34.723988 -3.379053
v -4.703188 34.734516 -3.333227
v -4.723771 34.713501 -3.296187
v -4.967174 34.800743 -3.361551
v -4.976414 34.775829 -3.380820
v -4.972849 34.768524 -3.412621
v -4.958566 34.783104 -3.438325
v -4.941932 34.811035 -3.442875
v -4.932691 34.835945 -3.423606
v -4.936255 34.843254 -3.391805
v -4.950540 34.828671 -3.366102
v -5.082809 35.175800 -3.376937
v -5.095846 35.180775 -3.380362
v -5.101907 35.186028 -3.392283
v -5.097442 35.188480 -3.405716
v -5.085067 35.186699 -3.412793
v -5.072030 35.181725 -3.409369
v -5.065969 35.176476 -3.397448
v -5.070434 35.174019 -3.384015
v -5.052804 34.939274 -3.385535
v -5.035105 34.950901 -3.391415
v -5.031716 34.957115 -3.432416
v -5.026370 34.958290 -3.410834
v -5.065714 34.936436 -3.437640
v -5.048014 34.948063 -3.443520
v -5.069101 34.930222 -3.396639
v -5.074449 34.929047 -3.418221
v -6.955984 32.771240 -0.734908
v -7.163333 33.090736 -0.108418
v -7.120983 32.713795 -0.754736
v -7.291640 33.046070 -0.123837
v -7.268267 32.780220 -0.824110
v -7.406172 33.097721 -0.177784
v -7.311559 32.931595 -0.902391
v -7.439837 33.215435 -0.238657
v -7.225500 33.079254 -0.943724
v -7.372915 33.330257 -0.270798
v -7.060501 33.136696 -0.923896
v -7.244608 33.374924 -0.255379
v -6.913217 33.070274 -0.854522
v -7.130076 33.323273 -0.201433
v -6.869925 32.918896 -0.776241
v -7.096411 33.205559 -0.140559
v -7.312188 33.617386 0.300492
v -7.408684 33.583794 0.288896
v -7.494820 33.622639 0.248324
v -7.520139 33.711166 0.202543
v -7.469809 33.797523 0.178371
v -7.373313 33.831116 0.189967
v -7.287177 33.792271 0.230538
v -7.261858 33.703739 0.276320
v -7.410810 33.946945 0.732110
v -7.482126 33.922119 0.723540
v -7.545785 33.950825 0.693556
v -7.564497 34.016254 0.659721
v -7.527300 34.080074 0.641857
v -7.455985 34.104904 0.650426
v -7.392325 34.076195 0.680411
v -7.373614 34.010765 0.714246
v -7.531157 34.132183 1.093809
v -7.580647 34.114952 1.087862
v -7.624823 34.134876 1.067054
v -7.637808 34.180279 1.043574
v -7.611996 34.224567 1.031177
v -7.562506 34.241798 1.037124
v -7.518330 34.221874 1.057932
v -7.505345 34.176472 1.081412
v -7.324749 34.613148 1.446466
v -7.332854 34.619976 1.466974
v -7.347488 34.636337 1.474116
v -7.360078 34.652649 1.463708
v -7.363249 34.659355 1.441848
v -7.355144 34.652527 1.421340
v -7.340509 34.636166 1.414199
v -7.327919 34.619854 1.424606
v -7.503385 34.317192 1.280787
v -7.491409 34.341537 1.258180
v -7.536830 34.387463 1.240945
v -7.505262 34.370644 1.241677
v -7.579595 34.357800 1.279019
v -7.567619 34.382145 1.256412
v -7.534174 34.311874 1.296255
v -7.565742 34.328693 1.295522
v -3.379526 35.730484 0.976344
v -3.187020 35.720512 1.175428
v -3.403934 35.673191 0.999542
v -3.206000 35.675957 1.193467
v -3.447527 35.656391 1.046808
v -3.239899 35.662895 1.230222
v -3.484768 35.689930 1.090454
v -3.268859 35.688972 1.264163
v -3.493842 35.754158 1.104913
v -3.275915 35.738918 1.275406
v -3.469434 35.811451 1.081715
v -3.256934 35.783474 1.257367
v -3.425841 35.828251 1.034449
v -3.223036 35.796535 1.220612
v -3.388600 35.794716 0.990803
v -3.194076 35.770458 1.186671
v -3.071686 35.794407 1.394313
v -3.085960 35.760899 1.407879
v -3.111455 35.751072 1.435522
v -3.133235 35.770687 1.461047
v -3.138541 35.808250 1.469503
v -3.124266 35.841759 1.455937
v -3.098772 35.851582 1.428294
v -3.076993 35.831970 1.402768
v -2.937017 35.828053 1.550036
v -2.947567 35.803288 1.560062
v -2.966409 35.796028 1.580491
v -2.982505 35.810524 1.599356
v -2.986428 35.838284 1.605606
v -2.975878 35.863045 1.595579
v -2.957036 35.870308 1.575150
v -2.940940 35.855812 1.556285
v -2.825970 35.822330 1.665341
v -2.833291 35.805145 1.672299
v -2.846366 35.800106 1.686476
v -2.857536 35.810165 1.699567
v -2.860258 35.829430 1.703904
v -2.852937 35.846615 1.696946
v -2.839862 35.851654 1.682769
v -2.828692 35.841595 1.669677
v -2.688953 35.981171 1.778896
v -2.682702 35.979538 1.784760
v -2.682261 35.979553 1.793474
v -2.687889 35.981209 1.799933
v -2.696289 35.983532 1.800353
v -2.702539 35.985165 1.794489
v -2.702980 35.985146 1.785775
v -2.697352 35.983494 1.779316
v -2.760734 35.866596 1.726814
v -2.768155 35.877605 1.728179
v -2.780807 35.878876 1.750014
v -2.776469 35.882690 1.737789
v -2.771204 35.857384 1.756330
v -2.778625 35.868393 1.757694
v -2.758553 35.856113 1.734494
v -2.762889 35.852295 1.746720
v -1.199944 35.206127 1.299502
v -1.162395 35.433094 1.008408
v -1.244112 35.149685 1.246771
v -1.196743 35.389202 0.967404
v -1.328910 35.140549 1.221409
v -1.262683 35.382099 0.947682
v -1.404663 35.184074 1.238273
v -1.321590 35.415947 0.960796
v -1.426996 35.254761 1.287484
v -1.338957 35.470913 0.999063
v -1.382828 35.311207 1.340215
v -1.304611 35.514805 1.040068
v -1.298030 35.320339 1.365577
v -1.238670 35.521908 1.059790
v -1.222277 35.276817 1.348713
v -1.179762 35.488064 1.046676
v -1.223459 35.717712 0.821909
v -1.249290 35.684704 0.791071
v -1.298883 35.679359 0.776239
v -1.343185 35.704815 0.786101
v -1.356246 35.746155 0.814881
v -1.330415 35.779167 0.845720
v -1.280823 35.784508 0.860552
v -1.236520 35.759056 0.850689
v -1.211341 35.929188 0.639863
v -1.230432 35.904793 0.617072
v -1.267082 35.900845 0.606110
v -1.299825 35.919655 0.613399
v -1.309477 35.950211 0.634668
v -1.290386 35.974606 0.657460
v -1.253735 35.978554 0.668422
v -1.220994 35.959740 0.661133
v -1.190065 36.060459 0.471598
v -1.203313 36.043530 0.455782
v -1.228747 36.040791 0.448175
v -1.251469 36.053844 0.453233
v -1.258167 36.075047 0.467993
v -1.244919 36.091976 0.483809
v -1.219485 36.094715 0.491416
v -1.196764 36.081661 0.486358
v -1.142107 36.373444 0.429925
v -1.140374 36.379070 0.419835
v -1.147132 36.385159 0.412506
v -1.158423 36.388142 0.412230
v -1.167633 36.386272 0.419170
v -1.169365 36.380646 0.429259
v -1.162607 36.374557 0.436589
v -1.151316 36.371574 0.436865
v -1.172976 36.182255 0.418781
v -1.182049 36.190456 0.431809
v -1.213464 36.199547 0.423150
v -1.198820 36.197620 0.433619
v -1.208330 36.186905 0.393508
v -1.217403 36.195110 0.406536
v -1.176915 36.177814 0.402167
v -1.191560 36.179741 0.391698
v -3.239133 34.396465 0.616925
v -3.357217 35.007122 1.005149
v -3.411452 34.362782 0.626353
v -3.491217 34.980927 1.012480
v -3.552514 34.409008 0.532110
v -3.600909 35.016876 0.939194
v -3.579686 34.508072 0.389401
v -3.622040 35.093910 0.828220
v -3.477053 34.601940 0.281825
v -3.542230 35.166904 0.744566
v -3.304734 34.635624 0.272398
v -3.408231 35.193100 0.737235
v -3.163673 34.589397 0.366641
v -3.298537 35.157150 0.810521
v -3.136500 34.490334 0.509349
v -3.277407 35.080116 0.921495
v -3.403669 35.681690 1.102754
v -3.504446 35.661991 1.108268
v -3.586943 35.689026 1.053152
v -3.602835 35.746960 0.969692
v -3.542812 35.801857 0.906778
v -3.442034 35.821556 0.901265
v -3.359538 35.794521 0.956381
v -3.343646 35.736588 1.039841
v -3.426191 36.189831 1.317036
v -3.500670 36.175270 1.321111
v -3.561640 36.195251 1.280377
v -3.573384 36.238068 1.218696
v -3.529024 36.278637 1.172199
v -3.454545 36.293198 1.168124
v -3.393575 36.273216 1.208858
v -3.381830 36.230400 1.270539
v -3.494886 36.543156 1.540787
v -3.546572 36.533051 1.543615
v -3.588881 36.546917 1.515347
v -3.597031 36.576630 1.472543
v -3.566247 36.604782 1.440277
v -3.514563 36.614887 1.437450
v -3.472253 36.601021 1.465717
v -3.464103 36.571308 1.508521
v -3.200459 37.096462 1.614690
v -3.206129 37.113529 1.629164
v -3.217840 37.133331 1.627261
v -3.228733 37.144268 1.610097
v -3.232426 37.139938 1.587726
v -3.226756 37.122871 1.573252
v -3.215045 37.103069 1.575155
v -3.204152 37.092129 1.592319
v -3.429148 36.788811 1.613536
v -3.415488 36.796974 1.582010
v -3.455189 36.835152 1.544121
v -3.426275 36.816170 1.553257
v -3.498955 36.834644 1.591479
v -3.485295 36.842804 1.559953
v -3.459254 36.796463 1.629368
v -3.488168 36.815449 1.620232
v -0.997499 28.831469 3.242801
v -0.454374 28.601315 3.255771
v -1.033103 28.743702 3.347926
v -0.482060 28.533066 3.337519
v -1.024718 28.748095 3.489108
v -0.475540 28.536482 3.447306
v -0.977255 28.842073 3.583644
v -0.438632 28.609562 3.520819
v -0.918519 28.970589 3.576157
v -0.392957 28.709497 3.514997
v -0.882915 29.058355 3.471032
v -0.365271 28.777748 3.433249
v -0.891300 29.053963 3.329850
v -0.371791 28.774332 3.323463
v -0.938763 28.959984 3.235313
v -0.408699 28.701252 3.249949
v 0.086454 28.602026 3.354529
v 0.065633 28.550697 3.416009
v 0.070537 28.553267 3.498577
v 0.098294 28.608229 3.553864
v 0.132645 28.683388 3.549485
v 0.153467 28.734716 3.488005
v 0.148563 28.732147 3.405438
v 0.120806 28.677185 3.350150
v 0.522122 28.515833 3.361025
v 0.506733 28.477898 3.406462
v 0.510357 28.479797 3.467483
v 0.530871 28.520416 3.508344
v 0.556259 28.575962 3.505107
v 0.571647 28.613897 3.459670
v 0.568023 28.611998 3.398649
v 0.547508 28.571379 3.357789
v 0.836178 28.383072 3.369147
v 0.825499 28.356749 3.400678
v 0.828015 28.358065 3.443024
v 0.842250 28.386253 3.471379
v 0.859868 28.424799 3.469134
v 0.870546 28.451126 3.437603
v 0.868032 28.449806 3.395257
v 0.853796 28.421619 3.366901
v 1.300268 28.536882 3.231669
v 1.315999 28.527010 3.232072
v 1.330272 28.525515 3.243870
v 1.334723 28.533274 3.260152
v 1.326746 28.545742 3.271379
v 1.311015 28.555613 3.270976
v 1.296743 28.557108 3.259178
v 1.292293 28.549349 3.242896
v 1.045777 28.396011 3.334402
v 1.046868 28.423853 3.339991
v 1.066593 28.435738 3.388613
v 1.055490 28.440308 3.362446
v 1.072582 28.384974 3.397575
v 1.073673 28.412815 3.403164
v 1.052857 28.373091 3.348953
v 1.063960 28.368519 3.375120
v -2.392995 25.647976 0.648697
v -2.020248 26.837662 2.271299
v -2.847703 25.831997 0.634733
v -2.373840 26.980761 2.260440
v -3.055871 26.227617 0.432325
v -2.535716 27.288404 2.103043
v -2.895555 26.603088 0.160042
v -2.411051 27.580379 1.891309
v -2.460668 26.738464 -0.022616
v -2.072872 27.685652 1.749269
v -2.005960 26.554443 -0.008652
v -1.719280 27.542553 1.760129
v -1.797793 26.158825 0.193756
v -1.557404 27.234909 1.917526
v -1.958108 25.783352 0.466039
v -1.682069 26.942934 2.129260
v -1.222075 28.296629 3.203875
v -1.488002 28.404249 3.195708
v -1.609744 28.635620 3.077335
v -1.515987 28.855206 2.918096
v -1.261652 28.934378 2.811272
v -0.995727 28.826757 2.819438
v -0.873984 28.595387 2.937812
v -0.967741 28.375801 3.097051
v -0.672894 29.260025 4.273014
v -0.869427 29.339561 4.266978
v -0.959401 29.510557 4.179493
v -0.890109 29.672842 4.061808
v -0.702143 29.731354 3.982859
v -0.505610 29.651817 3.988895
v -0.415636 29.480824 4.076379
v -0.484927 29.318537 4.194065
v -0.457585 29.949671 5.209564
v -0.593970 30.004866 5.205376
v -0.656407 30.123528 5.144666
v -0.608323 30.236147 5.062997
v -0.477883 30.276751 5.008211
v -0.341498 30.221556 5.012400
v -0.279061 30.102894 5.073110
v -0.327146 29.990276 5.154778
v 0.974883 30.639826 5.967264
v 0.977695 30.673723 6.021980
v 0.979780 30.736416 6.036675
v 0.979916 30.791182 6.002741
v 0.978024 30.805937 5.940055
v 0.975211 30.772039 5.885339
v 0.973126 30.709347 5.870645
v 0.972990 30.654583 5.904578
v 0.004091 30.323032 5.648185
v 0.065707 30.345856 5.574725
v 0.049581 30.521383 5.513547
v 0.084549 30.428015 5.518956
v -0.080330 30.548441 5.635126
v -0.018714 30.571264 5.561666
v -0.064204 30.372913 5.696305
v -0.099173 30.466280 5.690895
v -2.243671 27.105146 1.869309
v -3.053528 27.536011 1.903956
v -2.199027 27.216413 1.684664
v -3.018812 27.622536 1.760371
v -2.112221 27.413462 1.638786
v -2.951309 27.775764 1.724695
v -2.034102 27.580858 1.758549
v -2.890562 27.905935 1.817826
v -2.010432 27.620548 1.973798
v -2.872156 27.936798 1.985209
v -2.055077 27.509279 2.158443
v -2.906873 27.850273 2.128793
v -2.141883 27.312233 2.204321
v -2.974375 27.697044 2.164469
v -2.220001 27.144835 2.084558
v -3.035122 27.566874 2.071339
v -3.627653 28.088436 2.215191
v -3.601544 28.153509 2.107205
v -3.550777 28.268749 2.080374
v -3.505091 28.366648 2.150415
v -3.491248 28.389858 2.276299
v -3.517358 28.324785 2.384285
v -3.568125 28.209547 2.411116
v -3.613811 28.111649 2.341075
v -4.204713 28.432043 2.377953
v -4.185417 28.480135 2.298146
v -4.147897 28.565302 2.278316
v -4.114133 28.637655 2.330081
v -4.103902 28.654810 2.423115
v -4.123199 28.606716 2.502922
v -4.160718 28.521549 2.522752
v -4.194482 28.449198 2.470988
v -4.672345 28.682035 2.398174
v -4.658955 28.715410 2.342792
v -4.632918 28.774511 2.329031
v -4.609488 28.824720 2.364952
v -4.602388 28.836624 2.429514
v -4.615778 28.803251 2.484896
v -4.641815 28.744148 2.498657
v -4.665246 28.693939 2.462735
v -5.195005 28.861458 2.963001
v -5.220892 28.873869 2.959649
v -5.231118 28.900793 2.962083
v -5.219693 28.926458 2.968877
v -5.193310 28.935829 2.976052
v -5.167423 28.923420 2.979404
v -5.157197 28.896496 2.976970
v -5.168622 28.870831 2.970176
v -4.933473 28.798075 2.565572
v -4.909808 28.807381 2.601744
v -4.891918 28.888636 2.610903
v -4.892595 28.844893 2.620521
v -4.931837 28.903683 2.542354
v -4.908173 28.912987 2.578526
v -4.949727 28.822426 2.533194
v -4.949049 28.866171 2.523577
v -1.096458 24.456921 -0.933271
v -0.594933 26.255344 -2.153388
v -0.785267 24.087704 -1.020769
v -0.352942 25.968231 -2.221428
v -0.323085 23.985390 -0.891399
v 0.006462 25.888668 -2.120827
v 0.019349 24.209911 -0.620944
v 0.272747 26.063263 -1.910515
v 0.041441 24.629749 -0.367833
v 0.289927 26.389740 -1.713689
v -0.269749 24.998968 -0.280335
v 0.047937 26.676853 -1.645648
v -0.731932 25.101284 -0.409705
v -0.311468 26.756416 -1.746250
v -1.074367 24.876760 -0.680160
v -0.577753 26.581821 -1.956563
v 0.442437 27.188723 -3.115919
v 0.624430 26.972794 -3.167090
v 0.894728 26.912956 -3.091431
v 1.094993 27.044264 -2.933260
v 1.107913 27.289797 -2.785234
v 0.925920 27.505728 -2.734062
v 0.655622 27.565563 -2.809722
v 0.455357 27.434256 -2.967892
v 1.516684 28.223936 -3.751702
v 1.654626 28.106819 -3.862350
v 1.856390 28.047266 -3.835280
v 2.003784 28.080166 -3.686348
v 2.010468 28.186245 -3.502800
v 1.872525 28.303364 -3.392152
v 1.670761 28.362915 -3.419222
v 1.523367 28.330017 -3.568153
v 1.981260 29.037910 -4.696030
v 2.076985 28.956635 -4.772814
v 2.217000 28.915308 -4.754028
v 2.319284 28.938139 -4.650677
v 2.323923 29.011753 -4.523303
v 2.228197 29.093029 -4.446519
v 2.088182 29.134354 -4.465305
v 1.985898 29.111525 -4.568655
v 1.839335 30.755362 -4.345745
v 1.862021 30.802328 -4.383563
v 1.917860 30.834133 -4.388178
v 1.974140 30.832146 -4.356885
v 1.997896 30.797529 -4.308016
v 1.975211 30.750563 -4.270198
v 1.919373 30.718758 -4.265584
v 1.863091 30.720745 -4.296876
v 1.842019 29.921202 -4.936383
v 1.854710 29.928154 -4.838893
v 2.033281 29.939007 -4.785913
v 1.933932 29.935530 -4.776566
v 2.081866 29.929596 -4.958948
v 2.094557 29.936548 -4.861458
v 1.903295 29.918743 -5.011928
v 2.002643 29.922220 -5.021275
v 0.620524 27.195675 -2.773137
v 0.417674 27.908991 -2.496606
v 0.570919 27.174957 -2.938775
v 0.379100 27.892879 -2.625410
v 0.629099 27.231771 -3.092766
v 0.424342 27.937059 -2.745157
v 0.760983 27.332836 -3.144903
v 0.526898 28.015650 -2.785700
v 0.889315 27.418949 -3.064647
v 0.626693 28.082613 -2.723291
v 0.938920 27.439667 -2.899009
v 0.665267 28.098724 -2.594487
v 0.880740 27.382854 -2.745018
v 0.620025 28.054544 -2.474740
v 0.748857 27.281788 -2.692881
v 0.517469 27.975954 -2.434196
v 0.243658 28.480949 -2.563488
v 0.214647 28.468834 -2.660357
v 0.248672 28.502060 -2.750415
v 0.325802 28.561165 -2.780907
v 0.400855 28.611526 -2.733971
v 0.429865 28.623644 -2.637101
v 0.395840 28.590418 -2.547042
v 0.318710 28.531311 -2.516551
v 0.191662 29.050762 -2.625046
v 0.150182 29.061798 -2.686876
v 0.164205 29.086000 -2.756753
v 0.225515 29.109194 -2.793745
v 0.298199 29.117788 -2.776182
v 0.339679 29.106752 -2.714352
v 0.325656 29.082550 -2.644475
v 0.264345 29.059359 -2.607483
v -0.019117 29.467937 -2.558349
v -0.047902 29.475595 -2.601256
v -0.038170 29.492392 -2.649747
v 0.004376 29.508486 -2.675418
v 0.054815 29.514450 -2.663230
v 0.083600 29.506792 -2.620323
v 0.073868 29.489996 -2.571831
v 0.031322 29.473902 -2.546161
v 0.263033 29.847662 -2.151370
v 0.256252 29.868992 -2.146707
v 0.260901 29.889671 -2.155276
v 0.274258 29.897587 -2.172057
v 0.288498 29.888102 -2.187222
v 0.295280 29.866772 -2.191886
v 0.290630 29.846092 -2.183317
v 0.277273 29.838177 -2.166535
v -0.018923 29.696276 -2.322072
v 0.015227 29.689867 -2.326063
v 0.043761 29.724657 -2.374636
v 0.041192 29.701622 -2.347836
v -0.012720 29.751886 -2.386774
v 0.021430 29.745476 -2.390765
v -0.041254 29.717096 -2.338200
v -0.038684 29.740129 -2.365001
vn -0.5655 -0.3059 0.7659
vn -0.7255 -0.6779 0.1184
vn -0.4881 -0.6282 -0.6059
vn 0.0076 -0.1858 -0.9826
vn 0.4713 0.3901 -0.7910
vn 0.6313 0.7621 -0.1434
vn -0.7313 0.6536 -0.1948
vn 0.3939 0.7124 0.5808
vn -0.1018 0.2700 0.9575
vn 0.7313 -0.6536 0.1948
vn -0.1508 0.3126 0.9378
vn 0.5058 0.6103 0.6097
vn 0.9327 0.3592 -0.0318
vn -0.7428 -0.0977 0.6624
vn -0.2425 0.3900 0.8883
vn 0.7948 0.0141 -0.6067
vn 0.5920 0.5115 0.6229
vn -0.8858 -0.4604 0.0582
vn 0.5795 0.5271 0.6216
vn 0.6623 0.2027 -0.7213
vn -0.1048 0.2726 0.9564
vn -0.7818 -0.6154 0.1005
vn -0.0166 0.1940 0.9809
vn 0.8482 0.5243 -0.0753
vn 0.5014 0.6149 0.6087
vn -0.5865 -0.2851 0.7581
vn -0.1032 0.2712 0.9570
vn -0.6299 -0.7633 0.1438
vn -0.0063 0.1846 0.9828
vn 0.7268 0.6766 -0.1180
vn 0.3925 0.7135 0.5804
vn -0.4699 -0.3913 0.7913
vn 0.4894 0.6269 0.6062
vn 0.5668 0.3046 -0.7655
vn 0.3873 -0.0741 0.9190
vn -0.9545 0.0118 0.2979
vn 0.3908 -0.1585 0.9067
vn 0.9476 -0.0787 -0.3096
vn 0.9135 -0.0712 0.4006
vn -0.4430 -0.0895 0.8920
vn 0.9120 -0.1443 0.3840
vn 0.4392 0.0113 -0.8983
vn 0.6229 0.1272 -0.7719
vn 0.7651 0.2941 0.5728
vn -0.5458 -0.2504 0.7996
vn 0.7104 0.3993 0.5795
vn 0.9411 0.3201 -0.1088
vn 0.1859 0.0677 0.9802
vn -0.8959 -0.4277 0.1201
vn 0.0964 0.1874 0.9775
vn -0.4781 -0.8351 -0.2720
vn 0.2686 -0.1392 -0.9531
vn 0.2511 -0.7919 -0.5567
vn 0.1233 -0.9771 0.1732
vn -0.0399 -0.5866 0.8089
vn -0.1428 0.1511 0.9782
vn -0.1253 0.8037 0.5817
vn 0.9766 0.0918 0.1943
vn 0.0025 0.9890 -0.1481
vn 0.1656 0.5984 -0.7839
vn -0.9766 -0.0918 -0.1943
vn 0.2309 0.6006 -0.7655
vn -0.1480 0.9729 -0.1778
vn -0.6001 0.6770 0.4262
vn 0.5352 -0.1041 -0.8383
vn 0.3526 0.5972 -0.7204
vn -0.6269 0.0880 0.7741
vn -0.2739 0.9408 -0.1998
vn 0.5054 -0.7223 -0.4721
vn -0.2550 0.9467 -0.1966
vn -0.4079 0.1228 0.9048
vn 0.1697 0.5986 -0.7829
vn 0.3328 -0.7766 -0.5349
vn 0.0519 0.5881 -0.8071
vn -0.4387 0.7472 0.4993
vn -0.1417 0.9740 -0.1766
vn 0.2979 -0.1361 -0.9449
vn 0.1675 0.5985 -0.7834
vn 0.1234 -0.8037 -0.5820
vn 0.0380 0.5863 -0.8092
vn -0.2529 0.7916 0.5563
vn 0.0043 0.9890 -0.1477
vn 0.1410 -0.1512 -0.9784
vn -0.1251 0.9769 -0.1735
vn -0.2704 0.1391 0.9526
vn -0.4275 0.5322 -0.7307
vn 0.7962 -0.2792 -0.5367
vn -0.4742 0.4630 -0.7489
vn -0.8248 0.2191 0.5213
vn -0.8384 0.5324 -0.1168
vn 0.2702 0.1396 -0.9526
vn -0.8745 0.4678 -0.1285
vn -0.3077 -0.2046 0.9292
vn -0.4108 0.0240 0.9114
vn -0.5317 0.8270 -0.1826
vn 0.2789 -0.0723 -0.9576
vn -0.4304 0.8871 -0.1669
vn -0.6227 0.6155 0.4831
vn -0.1862 0.5801 -0.7929
vn 0.5270 -0.6734 -0.5184
vn -0.0472 0.6317 -0.7738
vn -0.0158 -0.9808 -0.1943
vn -0.9207 -0.2822 -0.2697
vn -0.4384 -0.8721 -0.2171
vn 0.3080 -0.9485 -0.0743
vn 0.8813 -0.4665 0.0752
vn 0.9457 0.2915 0.1437
vn 0.4635 0.8814 0.0911
vn 0.1946 0.0719 -0.9782
vn -0.2829 0.9577 -0.0517
vn -0.8562 0.4758 -0.2012
vn -0.1946 -0.0719 0.9782
vn -0.8373 0.4775 -0.2663
vn -0.3123 0.9448 0.0990
vn 0.3197 0.7568 0.5701
vn -0.8077 -0.2440 -0.5367
vn -0.7904 0.4746 -0.3873
vn 0.7450 0.2235 0.6285
vn -0.3316 0.9159 0.2262
vn -0.3604 -0.8035 -0.4737
vn -0.3290 0.9213 0.2071
vn 0.8729 0.2657 0.4092
vn -0.8552 0.4759 -0.2052
vn -0.4176 -0.8579 -0.2993
vn -0.8795 0.4677 -0.0873
vn 0.3849 0.8288 0.4062
vn -0.3112 0.9458 0.0928
vn -0.9125 -0.2793 -0.2990
vn -0.8558 0.4758 -0.2030
vn -0.4638 -0.8814 -0.0893
vn -0.8816 0.4663 -0.0734
vn 0.4380 0.8719 0.2189
vn -0.2825 0.9578 -0.0536
vn -0.9460 -0.2916 -0.1418
vn -0.3083 0.9482 0.0761
vn 0.9202 0.2820 0.2715
vn -0.8035 0.4455 0.3949
vn -0.4810 -0.3877 -0.7863
vn -0.8126 0.3767 0.4447
vn 0.4735 0.3275 0.8176
vn -0.2018 0.5499 0.8105
vn -0.9585 -0.0064 -0.2849
vn -0.2050 0.4860 0.8496
vn 0.9438 -0.0594 0.3252
vn 0.8931 0.1691 0.4169
vn -0.3028 0.8178 0.4894
vn -0.9342 -0.2171 -0.2832
vn -0.2941 0.8746 0.3854
vn 0.3842 0.7049 0.5962
vn -0.8680 0.4730 0.1511
vn -0.4127 -0.7626 -0.4982
vn -0.8541 0.5201 0.0098
vn -0.0575 -0.9964 0.0618
vn -0.4893 -0.4127 0.7683
vn -0.5608 -0.8184 0.1251
vn -0.3360 -0.7268 -0.5991
vn 0.0533 -0.1914 -0.9801
vn 0.3792 0.4740 -0.7947
vn 0.4507 0.8797 -0.1516
vn 0.2259 0.7881 0.5726
vn -0.1635 0.2527 0.9536
vn 0.8552 -0.4759 0.2052
vn -0.2205 0.2834 0.9333
vn 0.3572 0.7132 0.6031
vn 0.8321 0.5536 -0.0339
vn -0.7072 -0.2494 0.6616
vn -0.3266 0.3383 0.8825
vn 0.7759 0.1799 -0.6047
vn 0.4627 0.6357 0.6178
vn -0.7644 -0.6418 0.0617
vn 0.4472 0.6482 0.6163
vn 0.6060 0.3337 -0.7221
vn -0.1670 0.2546 0.9525
vn -0.6292 -0.7699 0.1063
vn -0.0639 0.1974 0.9782
vn 0.7138 0.6958 -0.0798
vn 0.3518 0.7167 0.6021
vn -0.5143 -0.3971 0.7601
vn -0.1651 0.2536 0.9531
vn -0.4490 -0.8805 0.1519
vn -0.0517 0.1905 0.9803
vn 0.5623 0.8174 -0.1247
vn 0.2242 0.7889 0.5722
vn -0.3775 -0.4748 0.7950
vn 0.3376 0.7258 0.5994
vn 0.4909 0.4118 -0.7678
vn 0.3891 0.0233 0.9209
vn -0.9357 -0.1932 0.2951
vn 0.4111 -0.0585 0.9097
vn 0.9436 0.1262 -0.3060
vn 0.9048 0.1346 0.4039
vn -0.4177 -0.1733 0.8919
vn 0.9194 0.0628 0.3882
vn 0.4310 0.0960 -0.8972
vn 0.5843 0.2508 -0.7718
vn 0.6794 0.4608 0.5710
vn -0.4824 -0.3539 0.8013
vn 0.6030 0.5516 0.5762
vn 0.8492 0.5164 -0.1104
vn 0.1613 0.1183 0.9798
vn -0.7817 -0.6114 0.1232
vn 0.0479 0.2156 0.9753
vn -0.2829 -0.9225 -0.2625
vn 0.2301 -0.8340 0.5015
vn -0.5040 -0.8129 0.2918
vn -0.9521 -0.3009 -0.0553
vn -0.8515 0.4021 -0.3365
vn -0.2613 0.8842 -0.3871
vn 0.4728 0.8631 -0.1774
vn 0.9208 0.3511 0.1697
vn 0.8203 -0.3519 0.4509
vn 0.2425 -0.3900 -0.8883
vn 0.7983 -0.3230 0.5083
vn 0.9564 0.2904 0.0326
vn 0.5462 0.5816 -0.6028
vn 0.1457 -0.6698 0.7282
vn 0.7461 -0.2638 0.6113
vn -0.1093 0.5901 -0.7999
vn 0.9687 0.2329 -0.0854
vn -0.5424 -0.6602 0.5195
vn 0.9679 0.2419 -0.0675
vn -0.1894 0.7591 -0.6229
vn 0.8190 -0.3501 0.4545
vn -0.5203 -0.7718 0.3655
vn 0.8491 -0.3976 0.3477
vn 0.5360 0.7077 -0.4603
vn 0.9553 0.2930 0.0383
vn 0.2221 -0.8200 0.5275
vn 0.8197 -0.3511 0.4525
vn -0.4723 -0.8638 0.1757
vn 0.8519 -0.4028 0.3348
vn 0.5044 0.8121 -0.2934
vn 0.9202 0.3518 0.1714
vn 0.2617 -0.8849 0.3854
vn 0.9524 0.3001 0.0537
vn -0.2296 0.8332 -0.5031
vn 0.8838 -0.4472 -0.1372
vn -0.2010 -0.4481 0.8711
vn 0.8431 -0.5047 -0.1855
vn 0.1627 0.4007 -0.9017
vn 0.7159 0.0031 -0.6982
vn 0.4710 -0.6986 0.5385
vn 0.6737 -0.0448 -0.7376
vn -0.5080 0.6404 -0.5761
vn -0.2772 0.7165 -0.6401
vn 0.9253 0.1453 -0.3503
vn 0.2875 -0.8036 0.5210
vn 0.9459 0.2063 -0.2504
vn 0.4736 0.5965 -0.6480
vn 0.8939 -0.4330 0.1159
vn -0.4851 -0.6723 0.5592
vn 0.8964 -0.3662 0.2497
vn -0.7611 -0.6428 -0.0868
vn 0.6070 -0.5065 -0.6123
vn 0.1841 -0.9674 -0.1741
vn -0.3187 -0.8633 0.3914
vn -0.6068 -0.2552 0.7528
vn -0.5114 0.5007 0.6984
vn -0.0885 0.9615 0.2602
vn 0.7424 -0.0456 0.6685
vn 0.4143 0.8574 -0.3053
vn 0.7024 0.2493 -0.6667
vn -0.7424 0.0456 -0.6685
vn 0.7481 0.2446 -0.6169
vn 0.2992 0.8627 -0.4077
vn -0.4500 0.8874 -0.0996
vn 0.7849 -0.4886 -0.3810
vn 0.8260 0.2323 -0.5136
vn -0.8363 0.4704 0.2818
vn 0.1950 0.8510 -0.4875
vn 0.3777 -0.9257 0.0194
vn 0.2111 0.8538 -0.4759
vn -0.7046 0.5029 0.5007
vn 0.7053 0.2491 -0.6637
vn 0.2462 -0.9624 -0.1149
vn 0.6164 0.2548 -0.7451
vn -0.3269 0.9444 0.0342
vn 0.3041 0.8629 -0.4036
vn 0.6283 -0.5067 -0.5904
vn 0.7037 0.2492 -0.6654
vn 0.0870 -0.9613 -0.2614
vn 0.6053 0.2552 -0.7540
vn -0.1854 0.9673 0.1728
vn 0.4157 0.8572 -0.3040
vn 0.5099 -0.5005 -0.6996
vn 0.3173 0.8633 -0.3926
vn -0.6083 0.5066 0.6110
vn 0.1696 0.3258 -0.9301
vn 0.7997 -0.5991 0.0401
vn 0.1156 0.2654 -0.9572
vn -0.8369 0.5444 -0.0569
vn -0.4472 0.6175 -0.6471
vn 0.7053 -0.2506 -0.6632
vn -0.4938 0.5614 -0.6640
vn -0.7479 0.1904 0.6359
vn -0.7445 0.4150 0.5230
vn -0.0635 0.8042 -0.5910
vn 0.6408 -0.4486 -0.6230
vn 0.0332 0.8443 -0.5348
vn -0.5160 0.8549 -0.0535
vn 0.4122 0.3001 -0.8602
vn 0.4337 -0.9009 -0.0162
vn 0.5352 0.3261 -0.7792
vn -0.2659 -0.9639 0.0153
vn -0.8605 0.4496 0.2395
vn -0.2614 0.7542 0.6023
vn 0.4844 0.5945 0.6418
vn 0.9401 0.0639 0.3349
vn 0.8387 -0.5267 -0.1387
vn 0.2395 -0.8313 -0.5015
vn -0.1697 -0.5986 0.7829
vn -0.5063 -0.6716 -0.5410
vn -0.9620 -0.1410 -0.2340
vn -0.9671 -0.1807 -0.1793
vn -0.4792 -0.5781 -0.6605
vn 0.3001 -0.4489 -0.8417
vn -0.8568 0.2485 0.4517
vn -0.9644 -0.2543 -0.0724
vn 0.8356 -0.1642 -0.5242
vn -0.4469 -0.4872 -0.7503
vn -0.2934 0.5475 0.7837
vn -0.4523 -0.5015 -0.7375
vn 0.8680 -0.3516 -0.3507
vn -0.9624 -0.1434 -0.2307
vn -0.2736 0.6958 0.6641
vn -0.9429 -0.0713 -0.3255
vn 0.2868 -0.6091 -0.7394
vn -0.4805 -0.5823 -0.6558
vn -0.8636 0.4302 0.2629
vn -0.9622 -0.1421 -0.2325
vn -0.2392 0.8324 0.5000
vn -0.9397 -0.0628 -0.3363
vn 0.2617 -0.7530 -0.6037
vn -0.5065 -0.6726 -0.5394
vn -0.8382 0.5277 0.1372
vn -0.4841 -0.5933 -0.6432
vn 0.8607 -0.4484 -0.2410
vn -0.7059 0.1469 -0.6929
vn -0.6088 0.1167 0.7847
vn -0.6808 0.2285 -0.6959
vn 0.6271 -0.0513 -0.7772
vn -0.0435 0.0305 -0.9986
vn -0.9667 0.2392 0.0905
vn -0.0179 0.1009 -0.9947
vn 0.9828 -0.1623 -0.0884
vn 0.9123 -0.2794 -0.2994
vn -0.3084 -0.2952 -0.9043
vn -0.8931 0.3969 0.2118
vn -0.3492 -0.3931 -0.8506
vn 0.3801 -0.4204 -0.8239
vn -0.8534 0.0338 -0.5202
vn -0.3591 0.5237 0.7725
vn -0.8996 -0.0761 -0.4300
vn 0.2092 0.8383 0.5034
vn 0.1461 -0.5105 0.8474
vn -0.5906 -0.4810 0.6480
vn -0.9860 -0.1394 0.0910
vn -0.8087 0.3141 -0.4974
vn -0.1623 0.6140 -0.7725
vn 0.5744 0.5845 -0.5731
vn 0.9699 0.2429 -0.0160
vn 0.7925 -0.2106 0.5723
vn 0.1253 -0.8037 -0.5817
vn 0.7787 -0.1546 0.6080
vn 0.9873 0.1187 -0.1056
vn 0.5791 0.1246 -0.8057
vn 0.1009 -0.2462 0.9640
vn -0.0808 0.1373 -0.9872
vn 0.9836 0.0101 -0.1803
vn -0.5919 -0.2332 0.7715
vn 0.9852 0.0267 -0.1691
vn -0.1246 0.3808 -0.9162
vn 0.7918 -0.2072 0.5746
vn -0.5959 -0.4074 0.6921
vn 0.8077 -0.3044 0.5049
vn 0.5961 0.3038 -0.7432
vn 0.9870 0.1239 -0.1019
vn 0.1420 -0.4846 0.8631
vn 0.7922 -0.2091 0.5734
vn -0.5741 -0.5859 0.5719
vn 0.8088 -0.3156 0.4963
vn 0.5907 0.4794 -0.6490
vn 0.9696 0.2444 -0.0149
vn 0.1625 -0.6154 0.7713
vn 0.9862 0.1379 -0.0921
vn -0.1459 0.5089 -0.8484
vn 0.8021 -0.5876 0.1066
vn -0.2013 0.0672 0.9772
vn 0.7507 -0.6542 0.0924
vn 0.1548 -0.1171 -0.9810
vn 0.6603 -0.4459 -0.6044
vn 0.4055 -0.4130 0.8155
vn 0.6093 -0.4997 -0.6156
vn -0.4526 0.3503 -0.8200
vn -0.2184 0.3494 -0.9112
vn 0.9105 -0.1870 -0.3688
vn 0.2084 -0.4837 0.8501
vn 0.9461 -0.0893 -0.3114
vn 0.5064 0.1267 -0.8530
vn 0.8312 -0.4542 0.3205
vn -0.5342 -0.2332 0.8125
vn 0.8521 -0.3322 0.4045
vn -0.8468 -0.4785 0.2325
vn -0.2763 -0.6897 -0.6694
vn -0.3558 -0.9332 0.0502
vn -0.1926 -0.6459 0.7388
vn 0.1176 0.0041 0.9931
vn 0.3932 0.6359 0.6641
vn 0.4727 0.8795 -0.0554
vn 0.9078 -0.4173 -0.0409
vn 0.3096 0.5921 -0.7440
vn -0.0007 -0.0579 -0.9983
vn -0.9078 0.4173 0.0409
vn 0.0610 -0.0858 -0.9944
vn 0.1691 0.6552 -0.7363
vn -0.0280 0.9992 -0.0294
vn 0.0038 -0.7683 -0.6401
vn 0.1781 -0.1382 -0.9743
vn -0.1131 0.7812 0.6139
vn 0.0458 0.6969 -0.7157
vn -0.0864 -0.9956 0.0361
vn 0.0646 0.6913 -0.7197
vn 0.1360 0.7374 0.6617
vn 0.0031 -0.0596 -0.9982
vn -0.2744 -0.9605 0.0462
vn -0.1065 -0.0092 -0.9943
vn 0.1619 0.9860 -0.0403
vn 0.1751 0.6529 -0.7369
vn -0.2478 -0.7008 -0.6690
vn 0.0010 -0.0586 -0.9983
vn -0.4744 -0.8786 0.0555
vn -0.1193 -0.0033 -0.9929
vn 0.3540 0.9339 -0.0501
vn 0.3112 0.5912 -0.7440
vn -0.3949 -0.6351 -0.6639
vn 0.1909 0.6466 -0.7386
vn 0.2745 0.6904 0.6693
vn -0.4772 0.2677 -0.8370
vn 0.2856 -0.8981 -0.3344
vn -0.5493 0.2401 -0.8004
vn -0.3384 0.8674 0.3648
vn -0.5241 0.7904 -0.3172
vn -0.1688 -0.5038 -0.8472
vn -0.5830 0.7627 -0.2800
vn 0.1032 0.4713 0.8759
vn 0.0992 0.6760 0.7302
vn -0.1964 0.7787 -0.5958
vn -0.2447 -0.6529 -0.7168
vn -0.0851 0.7672 -0.6358
vn -0.0432 0.9975 0.0560
vn -0.2941 0.1306 -0.9468
vn -0.0717 -0.9969 -0.0331
vn -0.1541 0.0930 -0.9837
vn -0.4748 -0.7370 0.4810
vn -0.3140 -0.7298 0.6072
vn -0.8724 -0.2416 0.4250
vn -0.9127 0.4079 0.0251
vn -0.4113 0.8382 -0.3581
vn 0.3380 0.7972 -0.5002
vn 0.8964 0.3090 -0.3179
vn 0.1863 0.5234 0.8315
vn 0.9367 -0.3405 0.0819
vn 0.4353 -0.7708 0.4651
vn -0.1863 -0.5234 -0.8315
vn 0.4451 -0.7301 0.5185
vn 0.9061 -0.4205 -0.0463
vn 0.7131 0.0167 -0.7008
vn -0.2407 -0.5333 0.8110
vn 0.4580 -0.6430 0.6139
vn 0.2066 0.4442 -0.8718
vn 0.8629 -0.4809 -0.1551
vn -0.7723 -0.0842 0.6296
vn 0.8705 -0.4723 -0.1387
vn 0.2799 0.6372 -0.7180
vn 0.4360 -0.7684 0.4685
vn -0.8483 -0.1943 0.4926
vn 0.4139 -0.8324 0.3686
vn 0.8061 0.1286 -0.5777
vn -0.3075 -0.7120 0.6312
vn 0.4356 -0.7697 0.4667
vn -0.8966 -0.3099 0.3163
vn 0.4109 -0.8391 0.3565
vn 0.8719 0.2406 -0.4265
vn 0.9369 -0.3395 0.0835
vn -0.3383 -0.7981 0.4985
vn 0.9122 -0.4089 -0.0267
vn 0.3136 0.7288 -0.6087
vn 0.3468 -0.9320 -0.1052
vn -0.3353 -0.1262 0.9336
vn 0.2727 -0.9514 -0.1430
vn 0.2718 0.1141 -0.9556
vn 0.4476 -0.5326 -0.7183
vn -0.0413 -0.7873 0.6152
vn 0.3799 -0.5432 -0.7487
vn -0.0292 0.7658 -0.6425
vn 0.1846 0.6629 -0.7256
vn 0.7401 -0.5385 -0.4028
vn -0.2489 -0.7441 0.6200
vn 0.8079 -0.4989 -0.3136
vn 0.6633 0.0725 -0.7448
vn 0.3951 -0.9075 0.1428
vn -0.7327 -0.1281 0.6684
vn 0.4575 -0.8487 0.2653
vn -0.9990 0.0248 0.0360
vn -0.4129 -0.7325 -0.5412
vn -0.1661 -0.1536 -0.9741
vn 0.1436 0.5306 -0.8353
vn 0.3347 0.9195 -0.2063
vn 0.2953 0.7851 0.5445
vn 0.0485 0.2062 0.9773
vn -0.2611 -0.4781 0.8386
vn -0.4523 -0.8669 0.2096
vn 0.9127 -0.4079 -0.0251
vn -0.5112 -0.8334 0.2099
vn -0.1200 -0.5400 0.8331
vn 0.4991 -0.0182 0.8664
vn -0.6521 -0.5693 -0.5007
vn -0.6174 -0.7587 0.2078
vn 0.7304 0.4924 0.4733
vn 0.0029 -0.5828 0.8126
vn -0.4075 -0.0329 -0.9126
vn -0.0158 -0.5769 0.8167
vn 0.5397 0.6570 0.5264
vn -0.4559 -0.8650 0.2096
vn -0.2431 -0.1171 -0.9629
vn -0.3462 -0.9151 0.2068
vn 0.3436 0.0667 0.9367
vn -0.1260 -0.5377 0.8337
vn -0.4398 -0.7182 -0.5392
vn -0.4539 -0.8660 0.2096
vn -0.0468 -0.2069 -0.9772
vn -0.3329 -0.9201 0.2063
vn 0.1678 0.1529 0.9739
vn -0.2628 -0.4773 0.8385
vn -0.2936 -0.7857 -0.5445
vn -0.1419 -0.5313 0.8352
vn 0.4145 0.7317 0.5411
vn 0.1385 -0.9576 0.2527
vn -0.8001 -0.1667 -0.5762
vn 0.1954 -0.9623 0.1891
vn 0.8381 0.1661 0.5196
vn 0.6517 -0.5192 0.5530
vn -0.4790 -0.8292 -0.2882
vn 0.6987 -0.5169 0.4946
vn 0.5251 0.8207 0.2251
vn 0.5667 0.6967 0.4398
vn 0.2783 -0.5977 0.7519
vn -0.4390 -0.7571 -0.4837
vn 0.1710 -0.5772 0.7985
vn 0.5462 0.0482 0.8363
vn -0.1147 -0.9644 0.2381
vn -0.4487 -0.0857 -0.8896
vn -0.2553 -0.9274 0.2733
vn 0.2039 0.1647 -0.9650
vn -0.5969 -0.3298 -0.7314
vn 0.1090 -0.5526 -0.8263
vn 0.7161 -0.4620 -0.5232
vn 0.9938 -0.0911 0.0644
vn 0.6541 0.3990 0.6426
vn -0.0734 0.6378 0.7667
vn 0.3331 0.4739 -0.8151
vn -0.7101 0.5427 0.4486
vn -0.9729 0.1548 -0.1718
vn -0.3331 -0.4739 0.8151
vn -0.8626 0.2937 -0.4118
vn -0.5886 0.8048 0.0771
vn -0.0416 0.7060 0.7070
vn -0.5965 -0.3293 -0.7319
vn -0.7866 0.3486 -0.5096
vn 0.5269 0.2517 0.8118
vn -0.6413 0.7419 0.1960
vn -0.0053 -0.7935 -0.6086
vn -0.6108 0.7330 0.2995
vn 0.4941 0.0531 0.8678
vn -0.7236 0.4945 -0.4816
vn 0.0099 -0.6295 -0.7769
vn -0.7998 0.4348 -0.4138
vn -0.0387 0.5593 0.8280
vn -0.5509 0.8129 0.1890
vn -0.5317 -0.1023 -0.8407
vn -0.9263 0.3399 -0.1627
vn -0.1431 -0.7684 -0.6238
vn -0.9655 0.2392 -0.1031
vn 0.1120 0.7000 0.7053
vn -0.5309 0.7693 0.3555
vn -0.7531 -0.3789 -0.5378
vn -0.5837 0.6920 0.4248
vn 0.7363 0.2894 0.6117
vn -0.9662 -0.1450 0.2132
vn -0.1939 0.5248 -0.8289
vn -0.9524 -0.2365 0.1925
vn 0.1987 -0.5540 0.8084
vn -0.4830 -0.4878 0.7272
vn -0.8224 0.2504 -0.5108
vn -0.4673 -0.5308 0.7070
vn 0.8171 -0.3195 0.4798
vn 0.7414 0.2837 0.6082
vn -0.6783 0.0576 0.7326
vn -0.7400 -0.3876 -0.5496
vn -0.6801 0.1387 0.7198
vn 0.0012 0.2493 0.9684
vn -0.9717 -0.1886 0.1425
vn -0.0221 -0.3714 -0.9282
vn -0.9855 -0.1209 0.1193
vn 0.3360 -0.6838 -0.6477
vn -0.8767 -0.3690 0.3087
vn -0.9221 -0.0812 -0.3783
vn -0.5171 0.2529 -0.8177
vn 0.1864 0.5067 -0.8417
vn 0.8208 0.4823 -0.3061
vn 0.8951 0.1840 0.4061
vn -0.5876 0.8056 0.0752
vn 0.4701 -0.1663 0.8668
vn -0.2670 -0.4134 0.8705
vn 0.5876 -0.8056 -0.0752
vn -0.4384 -0.1694 0.8827
vn 0.2107 0.2168 0.9532
vn 0.8626 0.2722 0.4263
vn -0.8770 -0.3682 0.3087
vn -0.5039 -0.0525 0.8621
vn 0.9202 0.2442 -0.3061
vn 0.2976 0.1014 0.9493
vn -0.8013 -0.3958 -0.4487
vn 0.3977 0.0804 0.9140
vn 0.9121 0.0606 -0.4055
vn -0.4266 0.0838 0.9006
vn -0.9121 -0.2128 -0.3504
vn -0.3908 -0.0272 0.9201
vn 0.9363 0.1276 0.3271
vn 0.3247 0.2099 0.9222
vn -0.9061 -0.1279 0.4033
vn -0.1990 -0.2520 0.9470
vn -0.8295 -0.4549 -0.3240
vn -0.1770 -0.3685 0.9126
vn 0.8827 0.3601 0.3019
vn 0.4731 0.1372 0.8702
vn -0.7309 -0.5597 0.3905
vn 0.5089 0.0269 0.8604
vn 0.7730 0.4604 -0.4364
vn 0.0140 -0.7518 0.6592
vn -0.6664 0.5324 0.5220
vn -0.0293 -0.8044 0.5934
vn 0.6395 -0.5446 -0.5426
vn 0.4776 -0.8777 0.0392
vn -0.5382 -0.1460 0.8301
vn 0.4487 -0.8937 0.0016
vn 0.4885 0.1017 -0.8666
vn 0.7689 0.4603 -0.4437
vn 0.6070 -0.5943 0.5277
vn -0.7426 -0.5546 0.3755
vn 0.6175 -0.5316 0.5797
vn 0.9878 -0.1213 0.0972
vn -0.0661 -0.7649 0.6408
vn -0.9874 0.0061 -0.1581
vn -0.0711 -0.7159 0.6945
vn -0.7555 -0.0986 -0.6478
vt 0.331403 0.363469
vt 0.340234 0.429715
vt 0.352407 0.428074
vt 0.348059 0.361821
vt 0.364696 0.429021
vt 0.365004 0.361312
vt 0.237926 0.385804
vt 0.261019 0.450487
vt 0.273877 0.448318
vt 0.253580 0.380681
vt 0.287603 0.446646
vt 0.269337 0.376312
vt 0.301932 0.443551
vt 0.284580 0.372562
vt 0.315735 0.438845
vt 0.299576 0.369158
vt 0.974876 0.474986
vt 0.967547 0.474986
vt 0.962365 0.469803
vt 0.962365 0.462475
vt 0.967547 0.457293
vt 0.974876 0.457293
vt 0.980058 0.462475
vt 0.980058 0.469803
vt 0.328155 0.433706
vt 0.315461 0.365929
vt 0.869674 0.492818
vt 0.869674 0.502242
vt 0.863010 0.508906
vt 0.853585 0.508906
vt 0.846921 0.502242
vt 0.846921 0.492818
vt 0.853585 0.486154
vt 0.863010 0.486154
vt 0.308892 0.507013
vt 0.299838 0.507358
vt 0.326547 0.502930
vt 0.335100 0.498765
vt 0.363702 0.493512
vt 0.354030 0.492764
vt 0.317829 0.505822
vt 0.344174 0.494765
vt 0.290440 0.508445
vt 0.316139 0.554099
vt 0.309363 0.555949
vt 0.356110 0.545733
vt 0.349155 0.546810
vt 0.342460 0.548409
vt 0.336026 0.550060
vt 0.329571 0.551501
vt 0.323035 0.552742
vt 0.363392 0.545476
vt 0.349660 0.589488
vt 0.354672 0.587504
vt 0.344236 0.590983
vt 0.338692 0.591660
vt 0.333136 0.591747
vt 0.327889 0.592194
vt 0.364703 0.585331
vt 0.359660 0.585913
vt 0.323036 0.593535
vt 0.356152 0.615600
vt 0.352543 0.616909
vt 0.358125 0.656112
vt 0.360408 0.656433
vt 0.344726 0.619300
vt 0.348644 0.618297
vt 0.355906 0.656654
vt 0.353974 0.657948
vt 0.337577 0.620216
vt 0.341142 0.619804
vt 0.352178 0.659571
vt 0.350171 0.660920
vt 0.359670 0.614865
vt 0.363328 0.614879
vt 0.365004 0.658002
vt 0.362717 0.657318
vt 0.333953 0.620981
vt 0.347774 0.661624
vt 0.920664 0.443559
vt 0.920664 0.444797
vt 0.919789 0.445672
vt 0.918552 0.445672
vt 0.917677 0.444797
vt 0.917677 0.443559
vt 0.918552 0.442684
vt 0.919789 0.442684
vt 0.630411 0.021691
vt 0.616998 0.086469
vt 0.628704 0.088681
vt 0.646847 0.025775
vt 0.639591 0.093282
vt 0.663123 0.031207
vt 0.649907 0.099921
vt 0.678756 0.037810
vt 0.549951 0.013698
vt 0.549951 0.083013
vt 0.562938 0.085808
vt 0.566569 0.014141
vt 0.577133 0.087480
vt 0.582480 0.015203
vt 0.591419 0.087414
vt 0.598038 0.016668
vt 0.940956 0.532708
vt 0.933627 0.532708
vt 0.928445 0.527526
vt 0.928445 0.520197
vt 0.933627 0.515015
vt 0.940956 0.515015
vt 0.946138 0.520197
vt 0.946138 0.527526
vt 0.604563 0.086456
vt 0.614341 0.018758
vt 0.927396 0.463957
vt 0.927396 0.473381
vt 0.920732 0.480045
vt 0.911307 0.480045
vt 0.904643 0.473381
vt 0.904643 0.463957
vt 0.911307 0.457293
vt 0.920732 0.457293
vt 0.562290 0.150407
vt 0.553289 0.147614
vt 0.580940 0.152373
vt 0.590716 0.151142
vt 0.620883 0.155244
vt 0.611336 0.151398
vt 0.571436 0.152259
vt 0.600952 0.150192
vt 0.628919 0.160985
vt 0.609194 0.209744
vt 0.602396 0.206566
vt 0.595223 0.204232
vt 0.588068 0.202828
vt 0.581011 0.202046
vt 0.574203 0.201425
vt 0.567455 0.200617
vt 0.560703 0.199599
vt 0.553679 0.198617
vt 0.573660 0.243517
vt 0.579006 0.243344
vt 0.568075 0.243104
vt 0.562633 0.241885
vt 0.557362 0.240122
vt 0.552369 0.238818
vt 0.589132 0.244773
vt 0.584186 0.243559
vt 0.593719 0.247050
vt 0.571232 0.270195
vt 0.567413 0.270232
vt 0.559523 0.308772
vt 0.561555 0.309834
vt 0.559298 0.269900
vt 0.563299 0.270247
vt 0.557261 0.308539
vt 0.555016 0.309106
vt 0.552311 0.268403
vt 0.555779 0.269196
vt 0.552790 0.310025
vt 0.550457 0.310617
vt 0.574778 0.270668
vt 0.578210 0.271881
vt 0.565444 0.312906
vt 0.563423 0.311432
vt 0.581406 0.273573
vt 0.567686 0.313705
vt 0.902473 0.443559
vt 0.902473 0.444797
vt 0.901598 0.445672
vt 0.900361 0.445672
vt 0.899486 0.444797
vt 0.899486 0.443559
vt 0.900361 0.442684
vt 0.901598 0.442684
vt 0.486855 0.362925
vt 0.495686 0.429171
vt 0.507859 0.427529
vt 0.503511 0.361277
vt 0.520148 0.428477
vt 0.520456 0.360768
vt 0.393378 0.385260
vt 0.416471 0.449943
vt 0.429329 0.447774
vt 0.409032 0.380137
vt 0.443055 0.446102
vt 0.424789 0.375768
vt 0.457383 0.443007
vt 0.440032 0.372018
vt 0.471187 0.438301
vt 0.455027 0.368614
vt 0.917154 0.532708
vt 0.909825 0.532708
vt 0.904643 0.527526
vt 0.904643 0.520197
vt 0.909825 0.515015
vt 0.917154 0.515015
vt 0.922336 0.520197
vt 0.922336 0.527526
vt 0.483606 0.433162
vt 0.470912 0.365385
vt 0.898535 0.463957
vt 0.898535 0.473381
vt 0.891871 0.480045
vt 0.882446 0.480045
vt 0.875782 0.473381
vt 0.875782 0.463957
vt 0.882446 0.457293
vt 0.891871 0.457293
vt 0.464344 0.506469
vt 0.455290 0.506813
vt 0.481998 0.502386
vt 0.490552 0.498221
vt 0.519154 0.492968
vt 0.509482 0.492220
vt 0.473281 0.505277
vt 0.499625 0.494221
vt 0.445892 0.507901
vt 0.471590 0.553554
vt 0.464815 0.555405
vt 0.511562 0.545189
vt 0.504607 0.546266
vt 0.497912 0.547865
vt 0.491478 0.549516
vt 0.485023 0.550957
vt 0.478487 0.552198
vt 0.518844 0.544932
vt 0.505112 0.588944
vt 0.510124 0.586960
vt 0.499688 0.590439
vt 0.494144 0.591116
vt 0.488588 0.591203
vt 0.483341 0.591650
vt 0.520155 0.584787
vt 0.515111 0.585369
vt 0.478488 0.592991
vt 0.511604 0.615056
vt 0.507995 0.616365
vt 0.513577 0.655568
vt 0.515860 0.655889
vt 0.500178 0.618756
vt 0.504096 0.617752
vt 0.511358 0.656110
vt 0.509426 0.657404
vt 0.493029 0.619671
vt 0.496594 0.619260
vt 0.507630 0.659027
vt 0.505622 0.660376
vt 0.515122 0.614321
vt 0.518780 0.614335
vt 0.520456 0.657457
vt 0.518169 0.656774
vt 0.489405 0.620437
vt 0.503226 0.661079
vt 0.893378 0.443559
vt 0.893378 0.444797
vt 0.892503 0.445672
vt 0.891265 0.445672
vt 0.890390 0.444797
vt 0.890390 0.443559
vt 0.891265 0.442684
vt 0.892503 0.442684
vt 0.840674 0.197673
vt 0.846632 0.186489
vt 0.823570 0.125138
vt 0.840279 0.197981
vt 0.836445 0.198960
vt 0.840236 0.199107
vt 0.840468 0.198982
vt 0.839131 0.201130
vt 0.841029 0.199069
vt 0.841460 0.201620
vt 0.841501 0.198775
vt 0.843810 0.200970
vt 0.841700 0.198286
vt 0.845728 0.198875
vt 0.841555 0.197803
vt 0.964757 0.532708
vt 0.957428 0.532708
vt 0.952246 0.527526
vt 0.952246 0.520197
vt 0.957428 0.515015
vt 0.964757 0.515015
vt 0.969939 0.520197
vt 0.969939 0.527526
vt 0.847021 0.195155
vt 0.841105 0.197706
vt 0.942004 0.420487
vt 0.942004 0.429912
vt 0.935340 0.436576
vt 0.925916 0.436576
vt 0.919252 0.429912
vt 0.919252 0.420487
vt 0.925916 0.413823
vt 0.935340 0.413823
vt 0.844875 0.218184
vt 0.841473 0.216126
vt 0.853145 0.219382
vt 0.857528 0.218212
vt 0.838363 0.213813
vt 0.834927 0.211691
vt 0.848830 0.219369
vt 0.862297 0.216482
vt 0.868276 0.215005
vt 0.836982 0.243479
vt 0.832214 0.242317
vt 0.864444 0.246869
vt 0.859655 0.246583
vt 0.854994 0.246474
vt 0.850487 0.246229
vt 0.846033 0.245630
vt 0.841601 0.244685
vt 0.827421 0.241458
vt 0.851481 0.278001
vt 0.856041 0.277478
vt 0.846657 0.277874
vt 0.841953 0.276874
vt 0.837464 0.275238
vt 0.833165 0.273827
vt 0.828790 0.273101
vt 0.824288 0.273220
vt 0.860434 0.277126
vt 0.850988 0.302998
vt 0.847042 0.303340
vt 0.841092 0.349060
vt 0.843596 0.350064
vt 0.838569 0.303356
vt 0.842765 0.303591
vt 0.838368 0.349065
vt 0.835697 0.350033
vt 0.831200 0.301742
vt 0.834859 0.302628
vt 0.833041 0.351107
vt 0.830255 0.351792
vt 0.823570 0.301024
vt 0.827351 0.301117
vt 0.827280 0.351617
vt 0.824472 0.350616
vt 0.854683 0.303130
vt 0.845886 0.351689
vt 0.911569 0.443559
vt 0.911569 0.444797
vt 0.910694 0.445672
vt 0.909456 0.445672
vt 0.908582 0.444797
vt 0.908582 0.443559
vt 0.909456 0.442684
vt 0.910694 0.442684
vt 0.815509 0.376813
vt 0.798077 0.443387
vt 0.810572 0.446892
vt 0.831829 0.381585
vt 0.702325 0.360768
vt 0.702325 0.430205
vt 0.715348 0.430935
vt 0.718972 0.361212
vt 0.728172 0.433948
vt 0.736056 0.362633
vt 0.741678 0.437854
vt 0.752449 0.364762
vt 0.756341 0.440713
vt 0.768131 0.367233
vt 0.771187 0.441904
vt 0.783463 0.369898
vt 0.974876 0.498787
vt 0.967547 0.498787
vt 0.962365 0.493605
vt 0.962365 0.486276
vt 0.967547 0.481094
vt 0.974876 0.481094
vt 0.980058 0.486276
vt 0.980058 0.493605
vt 0.784988 0.442173
vt 0.799585 0.373003
vt 0.898535 0.492818
vt 0.898535 0.502242
vt 0.891871 0.508906
vt 0.882446 0.508906
vt 0.875782 0.502242
vt 0.875782 0.492818
vt 0.882446 0.486154
vt 0.891871 0.486154
vt 0.737206 0.501987
vt 0.728729 0.498684
vt 0.754995 0.505239
vt 0.764423 0.504823
vt 0.719722 0.495942
vt 0.709879 0.495455
vt 0.745882 0.504445
vt 0.774220 0.504799
vt 0.783979 0.506948
vt 0.725576 0.548717
vt 0.718339 0.547879
vt 0.765874 0.556081
vt 0.759042 0.554440
vt 0.752239 0.553381
vt 0.745647 0.552472
vt 0.739105 0.551368
vt 0.732544 0.550051
vt 0.711188 0.547897
vt 0.743478 0.593837
vt 0.748811 0.593933
vt 0.737962 0.593161
vt 0.732660 0.591710
vt 0.727571 0.589748
vt 0.722636 0.588238
vt 0.717620 0.587689
vt 0.712562 0.588261
vt 0.753966 0.594371
vt 0.739330 0.619726
vt 0.735625 0.619571
vt 0.726472 0.657107
vt 0.728438 0.658237
vt 0.727745 0.618847
vt 0.731627 0.619383
vt 0.724248 0.656786
vt 0.722013 0.657252
vt 0.720978 0.617042
vt 0.724337 0.617983
vt 0.719783 0.658065
vt 0.717460 0.658550
vt 0.713967 0.616311
vt 0.717434 0.616405
vt 0.715020 0.658303
vt 0.712748 0.657370
vt 0.742740 0.620360
vt 0.730169 0.659838
vt 0.929760 0.443559
vt 0.929760 0.444797
vt 0.928885 0.445672
vt 0.927648 0.445672
vt 0.926773 0.444797
vt 0.926773 0.443559
vt 0.927648 0.442684
vt 0.928885 0.442684
vt 0.094158 0.422590
vt 0.080745 0.487369
vt 0.092450 0.489581
vt 0.110594 0.426674
vt 0.103337 0.494182
vt 0.126870 0.432106
vt 0.113654 0.500821
vt 0.142502 0.438710
vt 0.013698 0.414597
vt 0.013698 0.483913
vt 0.026685 0.486708
vt 0.030315 0.415040
vt 0.040879 0.488379
vt 0.046226 0.416103
vt 0.055166 0.488314
vt 0.061784 0.417568
vt 0.917154 0.556509
vt 0.909825 0.556509
vt 0.904643 0.551327
vt 0.904643 0.543998
vt 0.909825 0.538816
vt 0.917154 0.538816
vt 0.922336 0.543998
vt 0.922336 0.551327
vt 0.068310 0.487355
vt 0.078087 0.419657
vt 0.927396 0.492818
vt 0.927396 0.502242
vt 0.920732 0.508906
vt 0.911307 0.508906
vt 0.904643 0.502242
vt 0.904643 0.492818
vt 0.911307 0.486154
vt 0.920732 0.486154
vt 0.026036 0.551306
vt 0.017035 0.548513
vt 0.044687 0.553272
vt 0.054462 0.552042
vt 0.084629 0.556144
vt 0.075082 0.552298
vt 0.035182 0.553159
vt 0.064698 0.551091
vt 0.092665 0.561885
vt 0.072940 0.610643
vt 0.066143 0.607465
vt 0.058969 0.605131
vt 0.051814 0.603728
vt 0.044757 0.602946
vt 0.037950 0.602325
vt 0.031201 0.601516
vt 0.024449 0.600498
vt 0.017425 0.599516
vt 0.037407 0.644416
vt 0.042753 0.644243
vt 0.031821 0.644003
vt 0.026380 0.642785
vt 0.021108 0.641022
vt 0.016115 0.639718
vt 0.052878 0.645673
vt 0.047932 0.644459
vt 0.057465 0.647950
vt 0.034979 0.671095
vt 0.031160 0.671132
vt 0.023269 0.709672
vt 0.025301 0.710734
vt 0.023044 0.670800
vt 0.027046 0.671147
vt 0.021007 0.709439
vt 0.018762 0.710006
vt 0.016057 0.669303
vt 0.019526 0.670095
vt 0.016536 0.710925
vt 0.014203 0.711516
vt 0.038524 0.671568
vt 0.041956 0.672780
vt 0.029190 0.713806
vt 0.027169 0.712332
vt 0.045152 0.674473
vt 0.031432 0.714605
vt 0.938855 0.443559
vt 0.938855 0.444797
vt 0.937981 0.445672
vt 0.936743 0.445672
vt 0.935868 0.444797
vt 0.935868 0.443559
vt 0.936743 0.442684
vt 0.937981 0.442684
vt 0.819335 0.029743
vt 0.801903 0.096317
vt 0.814398 0.099822
vt 0.835655 0.034514
vt 0.706151 0.013698
vt 0.706151 0.083134
vt 0.719173 0.083864
vt 0.722797 0.014142
vt 0.731998 0.086877
vt 0.739882 0.015563
vt 0.745504 0.090783
vt 0.756275 0.017692
vt 0.760167 0.093642
vt 0.771957 0.020163
vt 0.775013 0.094834
vt 0.787289 0.022827
vt 0.940956 0.556509
vt 0.933627 0.556509
vt 0.928445 0.551327
vt 0.928445 0.543998
vt 0.933627 0.538816
vt 0.940956 0.538816
vt 0.946138 0.543998
vt 0.946138 0.551327
vt 0.788814 0.095102
vt 0.803410 0.025932
vt 0.956257 0.463957
vt 0.956257 0.473381
vt 0.949593 0.480045
vt 0.940168 0.480045
vt 0.933504 0.473381
vt 0.933504 0.463957
vt 0.940168 0.457293
vt 0.949593 0.457293
vt 0.741031 0.154917
vt 0.732555 0.151614
vt 0.758821 0.158169
vt 0.768249 0.157753
vt 0.723548 0.148872
vt 0.713705 0.148385
vt 0.749708 0.157374
vt 0.778046 0.157728
vt 0.787805 0.159878
vt 0.729401 0.201647
vt 0.722165 0.200809
vt 0.769700 0.209010
vt 0.762868 0.207369
vt 0.756065 0.206311
vt 0.749472 0.205402
vt 0.742931 0.204298
vt 0.736369 0.202980
vt 0.715014 0.200827
vt 0.747304 0.246767
vt 0.752637 0.246863
vt 0.741788 0.246091
vt 0.736485 0.244640
vt 0.731397 0.242677
vt 0.726462 0.241168
vt 0.721446 0.240619
vt 0.716388 0.241191
vt 0.757792 0.247301
vt 0.743156 0.272655
vt 0.739451 0.272501
vt 0.730298 0.310037
vt 0.732264 0.311167
vt 0.731570 0.271777
vt 0.735453 0.272313
vt 0.728074 0.309715
vt 0.725839 0.310182
vt 0.724804 0.269972
vt 0.728163 0.270913
vt 0.723609 0.310994
vt 0.721286 0.311480
vt 0.717793 0.269240
vt 0.721260 0.269335
vt 0.718846 0.311233
vt 0.716573 0.310299
vt 0.746566 0.273290
vt 0.733995 0.312767
vt 0.947951 0.443559
vt 0.947951 0.444797
vt 0.947076 0.445672
vt 0.945839 0.445672
vt 0.944964 0.444797
vt 0.944964 0.443559
vt 0.945839 0.442684
vt 0.947076 0.442684
vt 0.393824 0.788350
vt 0.393431 0.719533
vt 0.380455 0.719381
vt 0.376825 0.787965
vt 0.507304 0.774554
vt 0.489332 0.707483
vt 0.476564 0.710149
vt 0.491110 0.778434
vt 0.463397 0.710558
vt 0.474239 0.781483
vt 0.449340 0.710280
vt 0.457854 0.783669
vt 0.434437 0.711314
vt 0.442067 0.785341
vt 0.419789 0.714005
vt 0.426568 0.786736
vt 0.964757 0.556509
vt 0.957428 0.556509
vt 0.952246 0.551327
vt 0.952246 0.543998
vt 0.957428 0.538816
vt 0.964757 0.538816
vt 0.969939 0.543998
vt 0.969939 0.551327
vt 0.406389 0.717318
vt 0.410192 0.787909
vt 0.956257 0.492818
vt 0.956257 0.502242
vt 0.949593 0.508906
vt 0.940168 0.508906
vt 0.933504 0.502242
vt 0.933504 0.492818
vt 0.940168 0.486154
vt 0.949593 0.486154
vt 0.437062 0.647175
vt 0.446104 0.648171
vt 0.419037 0.648638
vt 0.410037 0.651479
vt 0.455514 0.648488
vt 0.465148 0.646411
vt 0.428045 0.647047
vt 0.400581 0.654039
vt 0.390598 0.654489
vt 0.436201 0.599027
vt 0.443408 0.597963
vt 0.395370 0.602344
vt 0.402394 0.602161
vt 0.409239 0.601422
vt 0.415842 0.600595
vt 0.422446 0.599968
vt 0.429125 0.599542
vt 0.450311 0.596095
vt 0.407231 0.560078
vt 0.402054 0.561366
vt 0.412733 0.559303
vt 0.418231 0.559332
vt 0.423654 0.559911
vt 0.428811 0.560091
vt 0.433799 0.559324
vt 0.438536 0.557462
vt 0.396962 0.562276
vt 0.404537 0.533998
vt 0.408156 0.533188
vt 0.407281 0.494562
vt 0.405090 0.493980
vt 0.415955 0.531848
vt 0.412066 0.532335
vt 0.409513 0.494297
vt 0.411551 0.493268
vt 0.422958 0.531840
vt 0.419469 0.531801
vt 0.413495 0.491906
vt 0.415613 0.490836
vt 0.429919 0.530732
vt 0.426546 0.531538
vt 0.418033 0.490443
vt 0.420470 0.490757
vt 0.401079 0.534267
vt 0.403004 0.492882
vt 0.957047 0.443559
vt 0.957047 0.444797
vt 0.956172 0.445672
vt 0.954934 0.445672
vt 0.954059 0.444797
vt 0.954059 0.443559
vt 0.954934 0.442684
vt 0.956172 0.442684
vt 0.641329 0.362925
vt 0.650160 0.429171
vt 0.662333 0.427529
vt 0.657985 0.361277
vt 0.674622 0.428477
vt 0.674930 0.360768
vt 0.547851 0.385260
vt 0.570944 0.449943
vt 0.583803 0.447774
vt 0.563506 0.380137
vt 0.597528 0.446102
vt 0.579262 0.375768
vt 0.611857 0.443007
vt 0.594506 0.372018
vt 0.625661 0.438301
vt 0.609501 0.368614
vt 0.988558 0.532708
vt 0.981230 0.532708
vt 0.976048 0.527526
vt 0.976048 0.520197
vt 0.981230 0.515015
vt 0.988558 0.515015
vt 0.993741 0.520197
vt 0.993741 0.527526
vt 0.638080 0.433162
vt 0.625386 0.365385
vt 0.970865 0.420487
vt 0.970865 0.429912
vt 0.964201 0.436576
vt 0.954777 0.436576
vt 0.948113 0.429912
vt 0.948113 0.420487
vt 0.954777 0.413823
vt 0.964201 0.413823
vt 0.618818 0.506469
vt 0.609764 0.506813
vt 0.636472 0.502386
vt 0.645026 0.498221
vt 0.673628 0.492968
vt 0.663956 0.492220
vt 0.627755 0.505277
vt 0.654099 0.494221
vt 0.600366 0.507901
vt 0.626064 0.553554
vt 0.619289 0.555405
vt 0.666036 0.545189
vt 0.659081 0.546266
vt 0.652386 0.547865
vt 0.645951 0.549516
vt 0.639497 0.550957
vt 0.632961 0.552198
vt 0.673318 0.544932
vt 0.659586 0.588944
vt 0.664598 0.586960
vt 0.654162 0.590439
vt 0.648618 0.591116
vt 0.643062 0.591203
vt 0.637814 0.591650
vt 0.674629 0.584787
vt 0.669585 0.585369
vt 0.632962 0.592991
vt 0.666078 0.615056
vt 0.662469 0.616365
vt 0.668051 0.655568
vt 0.670333 0.655889
vt 0.654652 0.618756
vt 0.658570 0.617752
vt 0.665831 0.656110
vt 0.663899 0.657404
vt 0.647502 0.619671
vt 0.651068 0.619260
vt 0.662104 0.659027
vt 0.660096 0.660376
vt 0.669595 0.614321
vt 0.673253 0.614335
vt 0.674930 0.657457
vt 0.672643 0.656774
vt 0.643879 0.620437
vt 0.657700 0.661079
vt 0.965352 0.505770
vt 0.965352 0.507008
vt 0.964478 0.507883
vt 0.963240 0.507883
vt 0.962365 0.507008
vt 0.962365 0.505770
vt 0.963240 0.504896
vt 0.964478 0.504896
vt 0.646015 0.763384
vt 0.628000 0.696360
vt 0.615870 0.700394
vt 0.629832 0.767274
vt 0.603365 0.701729
vt 0.612648 0.770281
vt 0.590414 0.700832
vt 0.595472 0.772110
vt 0.576556 0.699162
vt 0.578803 0.773018
vt 0.561662 0.698711
vt 0.562743 0.773385
vt 0.546810 0.699950
vt 0.546975 0.773440
vt 0.988558 0.556509
vt 0.981230 0.556509
vt 0.976048 0.551327
vt 0.976048 0.543998
vt 0.981230 0.538816
vt 0.988558 0.538816
vt 0.993741 0.543998
vt 0.993741 0.551327
vt 0.533087 0.701945
vt 0.530352 0.773140
vt 0.519691 0.702988
vt 0.513785 0.772078
vt 0.869674 0.521679
vt 0.869674 0.531103
vt 0.863010 0.537767
vt 0.853585 0.537767
vt 0.846921 0.531103
vt 0.846921 0.521679
vt 0.853585 0.515015
vt 0.863010 0.515015
vt 0.571123 0.634778
vt 0.580134 0.636704
vt 0.552902 0.634456
vt 0.543656 0.636397
vt 0.589604 0.638017
vt 0.599484 0.636965
vt 0.562076 0.633752
vt 0.533980 0.637977
vt 0.608610 0.633278
vt 0.574564 0.586143
vt 0.581938 0.585623
vt 0.589220 0.584189
vt 0.596147 0.581929
vt 0.547129 0.586161
vt 0.540110 0.586236
vt 0.553889 0.585954
vt 0.560614 0.585922
vt 0.567382 0.586080
vt 0.549797 0.545507
vt 0.544696 0.546146
vt 0.555123 0.545357
vt 0.560360 0.545948
vt 0.565467 0.547004
vt 0.570349 0.547642
vt 0.575142 0.547338
vt 0.579760 0.545970
vt 0.584098 0.543637
vt 0.550052 0.520887
vt 0.553483 0.520434
vt 0.555105 0.483457
vt 0.553014 0.482754
vt 0.560878 0.519820
vt 0.557197 0.519957
vt 0.557295 0.483348
vt 0.559351 0.482488
vt 0.567486 0.520397
vt 0.564193 0.520067
vt 0.561338 0.481304
vt 0.563475 0.480417
vt 0.574226 0.519933
vt 0.570905 0.520420
vt 0.565857 0.480215
vt 0.568198 0.480704
vt 0.577284 0.518823
vt 0.570448 0.481365
vt 0.966142 0.443559
vt 0.966142 0.444797
vt 0.965267 0.445672
vt 0.964030 0.445672
vt 0.963155 0.444797
vt 0.963155 0.443559
vt 0.964030 0.442684
vt 0.965267 0.442684
vt 0.162759 0.485943
vt 0.162207 0.553460
vt 0.174384 0.553523
vt 0.180120 0.486600
vt 0.186250 0.556173
vt 0.197664 0.488665
vt 0.197953 0.561062
vt 0.214867 0.492064
vt 0.210333 0.566972
vt 0.231308 0.496369
vt 0.224077 0.572058
vt 0.246996 0.501156
vt 0.238284 0.575514
vt 0.262293 0.506293
vt 0.859432 0.561569
vt 0.852103 0.561569
vt 0.846921 0.556387
vt 0.846921 0.549058
vt 0.852103 0.543876
vt 0.859432 0.543876
vt 0.864614 0.549058
vt 0.864614 0.556387
vt 0.251643 0.577854
vt 0.278193 0.512239
vt 0.146107 0.486380
vt 0.149781 0.555745
vt 0.898535 0.521679
vt 0.898535 0.531103
vt 0.891871 0.537767
vt 0.882446 0.537767
vt 0.875782 0.531103
vt 0.875782 0.521679
vt 0.882446 0.515015
vt 0.891871 0.515015
vt 0.195000 0.630405
vt 0.186796 0.625623
vt 0.212759 0.636484
vt 0.222372 0.637455
vt 0.177959 0.621243
vt 0.167931 0.618980
vt 0.203543 0.634281
vt 0.147686 0.622053
vt 0.157530 0.619484
vt 0.176212 0.676968
vt 0.168835 0.675147
vt 0.161244 0.674295
vt 0.153814 0.674413
vt 0.146482 0.675183
vt 0.196402 0.683943
vt 0.189778 0.681722
vt 0.183213 0.679342
vt 0.203265 0.686095
vt 0.149733 0.715248
vt 0.154390 0.713974
vt 0.181206 0.721384
vt 0.176651 0.719147
vt 0.172343 0.716582
vt 0.168097 0.714477
vt 0.163632 0.713284
vt 0.159013 0.713140
vt 0.186159 0.723035
vt 0.152860 0.738582
vt 0.149557 0.739147
vt 0.146107 0.774594
vt 0.148214 0.775420
vt 0.168099 0.742559
vt 0.171456 0.743510
vt 0.161111 0.777363
vt 0.158933 0.777583
vt 0.162268 0.740081
vt 0.165165 0.741359
vt 0.156727 0.778123
vt 0.154466 0.778339
vt 0.155989 0.738486
vt 0.159160 0.739038
vt 0.152175 0.777838
vt 0.150126 0.776699
vt 0.174923 0.744172
vt 0.163201 0.777880
vt 0.974448 0.505770
vt 0.974448 0.507008
vt 0.973573 0.507883
vt 0.972336 0.507883
vt 0.971461 0.507008
vt 0.971461 0.505770
vt 0.972336 0.504896
vt 0.973573 0.504896
vt 0.349669 0.017713
vt 0.339782 0.090822
vt 0.352156 0.090263
vt 0.365982 0.013698
vt 0.237926 0.018829
vt 0.252125 0.093476
vt 0.265220 0.091532
vt 0.252849 0.013698
vt 0.279067 0.092729
vt 0.268628 0.014046
vt 0.292515 0.095255
vt 0.283628 0.018481
vt 0.305288 0.096658
vt 0.298951 0.023501
vt 0.317230 0.095718
vt 0.315633 0.025441
vt 0.994667 0.419006
vt 0.994667 0.426334
vt 0.989484 0.431516
vt 0.982156 0.431516
vt 0.976974 0.426334
vt 0.976974 0.419006
vt 0.982156 0.413823
vt 0.989484 0.413823
vt 0.328428 0.093256
vt 0.333089 0.022922
vt 0.869674 0.463957
vt 0.869674 0.473381
vt 0.863010 0.480045
vt 0.853585 0.480045
vt 0.846921 0.473381
vt 0.846921 0.463957
vt 0.853585 0.457293
vt 0.863010 0.457293
vt 0.296294 0.153305
vt 0.286181 0.151645
vt 0.316657 0.149203
vt 0.325957 0.145552
vt 0.276724 0.149316
vt 0.267088 0.148669
vt 0.306833 0.152491
vt 0.335474 0.143961
vt 0.344748 0.145519
vt 0.293737 0.203136
vt 0.286734 0.204295
vt 0.332396 0.202034
vt 0.325565 0.199394
vt 0.318674 0.197587
vt 0.312030 0.197596
vt 0.306003 0.199137
vt 0.300070 0.201237
vt 0.279557 0.204354
vt 0.319426 0.248657
vt 0.325020 0.248901
vt 0.313685 0.247478
vt 0.308045 0.245974
vt 0.302670 0.245420
vt 0.297773 0.246204
vt 0.292912 0.247789
vt 0.287975 0.249935
vt 0.330398 0.248051
vt 0.323629 0.286936
vt 0.319726 0.288036
vt 0.317492 0.331108
vt 0.320126 0.331293
vt 0.310290 0.288203
vt 0.315150 0.288503
vt 0.315046 0.331657
vt 0.312734 0.332598
vt 0.301778 0.286746
vt 0.305940 0.287421
vt 0.310389 0.333448
vt 0.307795 0.333917
vt 0.293696 0.288091
vt 0.297583 0.287083
vt 0.304910 0.333818
vt 0.301951 0.333364
vt 0.327389 0.286259
vt 0.322865 0.332242
vt 0.897511 0.545988
vt 0.896636 0.546863
vt 0.895399 0.546863
vt 0.894524 0.545988
vt 0.894524 0.544751
vt 0.895399 0.543876
vt 0.896636 0.543876
vt 0.897511 0.544751
vt 0.489889 0.017176
vt 0.479070 0.087330
vt 0.490710 0.086782
vt 0.506044 0.013698
vt 0.502828 0.089704
vt 0.522556 0.014986
vt 0.393378 0.013949
vt 0.408511 0.088081
vt 0.421456 0.089193
vt 0.409592 0.013698
vt 0.434200 0.091623
vt 0.424553 0.017732
vt 0.446332 0.092966
vt 0.439763 0.022467
vt 0.457692 0.092060
vt 0.456246 0.024302
vt 0.888416 0.549058
vt 0.888416 0.556387
vt 0.883233 0.561569
vt 0.875905 0.561569
vt 0.870723 0.556387
vt 0.870723 0.549058
vt 0.875905 0.543876
vt 0.883233 0.543876
vt 0.468323 0.089675
vt 0.473468 0.021982
vt 0.913143 0.420487
vt 0.913143 0.429912
vt 0.906479 0.436576
vt 0.897055 0.436576
vt 0.890390 0.429912
vt 0.890390 0.420487
vt 0.897055 0.413823
vt 0.906479 0.413823
vt 0.437181 0.148228
vt 0.427215 0.146420
vt 0.457319 0.144230
vt 0.466488 0.140519
vt 0.493406 0.144119
vt 0.484924 0.140053
vt 0.447596 0.147505
vt 0.475827 0.138777
vt 0.417897 0.143851
vt 0.433466 0.199022
vt 0.426150 0.200001
vt 0.474222 0.198531
vt 0.466951 0.195683
vt 0.459694 0.193726
vt 0.452708 0.193655
vt 0.446369 0.195164
vt 0.440120 0.197213
vt 0.481519 0.200932
vt 0.459048 0.247660
vt 0.464957 0.248131
vt 0.453007 0.246222
vt 0.447105 0.244476
vt 0.441450 0.243754
vt 0.436247 0.244459
vt 0.476248 0.246617
vt 0.470843 0.247445
vt 0.431024 0.246072
vt 0.461883 0.286771
vt 0.457974 0.287769
vt 0.455219 0.330668
vt 0.457842 0.330879
vt 0.448538 0.287746
vt 0.453396 0.288134
vt 0.452773 0.331191
vt 0.450453 0.332106
vt 0.440021 0.286180
vt 0.444189 0.286899
vt 0.448102 0.332931
vt 0.445506 0.333373
vt 0.465632 0.286245
vt 0.469696 0.286404
vt 0.463020 0.333024
vt 0.460559 0.331853
vt 0.435974 0.286453
vt 0.442626 0.333245
vt 0.983544 0.507008
vt 0.982669 0.507883
vt 0.981431 0.507883
vt 0.980556 0.507008
vt 0.980556 0.505770
vt 0.981431 0.504896
vt 0.982669 0.504896
vt 0.983544 0.505770
s 0
usemtl Material.001
f 161/203/147 162/204/147 164/205/147 163/206/147
f 163/206/148 164/205/148 166/207/148 165/208/148
f 165/209/149 166/210/149 168/211/149 167/212/149
f 167/212/150 168/211/150 170/213/150 169/214/150
f 169/214/151 170/213/151 172/215/151 171/216/151
f 171/216/152 172/215/152 174/217/152 173/218/152
f 164/219/153 162/220/153 176/221/153 174/222/153 172/223/153 170/224/153 168/225/153 166/226/153
f 173/218/154 174/217/154 176/227/154 175/228/154
f 175/228/155 176/227/155 162/204/155 161/203/155
f 161/229/156 163/230/156 165/231/156 167/232/156 169/233/156 171/234/156 173/235/156 175/236/156
f 168/211/157 170/213/157 181/237/157 180/238/157
f 176/227/158 174/217/158 183/239/158 184/240/158
f 164/205/159 166/207/159 179/241/159 178/242/159
f 170/213/160 172/215/160 182/243/160 181/237/160
f 162/204/161 176/227/161 184/240/161 177/244/161
f 162/204/162 164/205/162 178/242/162 177/244/162
f 166/210/163 168/211/163 180/238/163 179/245/163
f 172/215/164 174/217/164 183/239/164 182/243/164
f 179/245/165 180/238/165 188/246/165 187/247/165
f 177/244/166 178/242/166 186/248/166 185/249/166
f 177/244/167 184/240/167 192/250/167 185/249/167
f 182/243/168 183/239/168 191/251/168 190/252/168
f 180/238/169 181/237/169 189/253/169 188/246/169
f 178/242/170 179/241/170 187/254/170 186/248/170
f 184/240/171 183/239/171 191/251/171 192/250/171
f 181/237/172 182/243/172 190/252/172 189/253/172
f 185/249/173 192/250/173 200/255/173 193/256/173
f 190/252/174 191/251/174 199/257/174 198/258/174
f 188/246/175 189/253/175 197/259/175 196/260/175
f 186/248/176 187/254/176 195/261/176 194/262/176
f 192/250/177 191/251/177 199/257/177 200/255/177
f 189/253/178 190/252/178 198/258/178 197/259/178
f 187/247/179 188/246/179 196/260/179 195/263/179
f 185/249/180 186/248/180 194/262/180 193/256/180
f 209/264/181 210/265/181 208/266/181 201/267/181
f 211/268/182 212/269/182 207/270/182 206/271/182
f 213/272/183 214/273/183 205/274/183 204/275/183
f 215/276/184 216/277/184 203/278/184 202/279/184
f 210/265/185 212/269/185 207/270/185 208/266/185
f 214/273/186 211/268/186 206/271/186 205/274/186
f 216/280/187 213/272/187 204/275/187 203/281/187
f 209/264/188 215/276/188 202/279/188 201/267/188
f 193/256/189 194/262/189 215/276/189 209/264/189
f 195/263/190 196/260/190 213/272/190 216/280/190
f 197/259/191 198/258/191 211/268/191 214/273/191
f 200/255/192 199/257/192 212/269/192 210/265/192
f 194/262/193 195/261/193 216/277/193 215/276/193
f 196/260/194 197/259/194 214/273/194 213/272/194
f 198/258/195 199/257/195 212/269/195 211/268/195
f 193/256/196 200/255/196 210/265/196 209/264/196
f 202/282/197 203/283/197 204/284/197 205/285/197 206/286/197 207/287/197 208/288/197 201/289/197
f 217/290/198 218/291/198 220/292/198 219/293/198
f 219/293/199 220/292/199 222/294/199 221/295/199
f 221/295/200 222/294/200 224/296/200 223/297/200
f 223/298/201 224/299/201 226/300/201 225/301/201
f 225/301/202 226/300/202 228/302/202 227/303/202
f 227/303/203 228/302/203 230/304/203 229/305/203
f 220/306/204 218/307/204 232/308/204 230/309/204 228/310/204 226/311/204 224/312/204 222/313/204
f 229/305/205 230/304/205 232/314/205 231/315/205
f 231/315/206 232/314/206 218/291/206 217/290/206
f 217/316/207 219/317/207 221/318/207 223/319/207 225/320/207 227/321/207 229/322/207 231/323/207
f 224/299/208 226/300/208 237/324/208 236/325/208
f 232/314/209 230/304/209 239/326/209 240/327/209
f 220/292/210 222/294/210 235/328/210 234/329/210
f 226/300/211 228/302/211 238/330/211 237/324/211
f 218/291/212 232/314/212 240/327/212 233/331/212
f 218/291/213 220/292/213 234/329/213 233/331/213
f 222/294/214 224/296/214 236/332/214 235/328/214
f 228/302/215 230/304/215 239/326/215 238/330/215
f 235/328/216 236/332/216 244/333/216 243/334/216
f 233/331/217 234/329/217 242/335/217 241/336/217
f 233/331/218 240/327/218 248/337/218 241/336/218
f 238/330/219 239/326/219 247/338/219 246/339/219
f 236/325/220 237/324/220 245/340/220 244/341/220
f 234/329/221 235/328/221 243/334/221 242/335/221
f 240/327/222 239/326/222 247/338/222 248/337/222
f 237/324/223 238/330/223 246/339/223 245/340/223
f 241/336/224 248/337/224 256/342/224 249/343/224
f 246/339/225 247/338/225 255/344/225 254/345/225
f 244/341/226 245/340/226 253/346/226 252/347/226
f 242/335/227 243/334/227 251/348/227 250/349/227
f 248/337/228 247/338/228 255/344/228 256/342/228
f 245/340/229 246/339/229 254/345/229 253/346/229
f 243/334/230 244/333/230 252/350/230 251/348/230
f 241/336/231 242/335/231 250/349/231 249/343/231
f 265/351/232 266/352/232 264/353/232 257/354/232
f 267/355/233 268/356/233 263/357/233 262/358/233
f 269/359/234 270/360/234 261/361/234 260/362/234
f 271/363/235 272/364/235 259/365/235 258/366/235
f 266/352/236 268/356/236 263/357/236 264/353/236
f 270/360/237 267/355/237 262/358/237 261/361/237
f 272/364/238 269/367/238 260/368/238 259/365/238
f 265/351/239 271/363/239 258/366/239 257/354/239
f 249/343/240 250/349/240 271/363/240 265/351/240
f 251/348/241 252/350/241 269/367/241 272/364/241
f 253/346/242 254/345/242 267/355/242 270/360/242
f 256/342/243 255/344/243 268/356/243 266/352/243
f 250/349/244 251/348/244 272/364/244 271/363/244
f 252/347/245 253/346/245 270/360/245 269/359/245
f 254/345/246 255/344/246 268/356/246 267/355/246
f 249/343/247 256/342/247 266/352/247 265/351/247
f 258/369/248 259/370/248 260/371/248 261/372/248 262/373/248 263/374/248 264/375/248 257/376/248
f 273/377/249 274/378/249 276/379/249 275/380/249
f 275/380/250 276/379/250 278/381/250 277/382/250
f 277/383/251 278/384/251 280/385/251 279/386/251
f 279/386/252 280/385/252 282/387/252 281/388/252
f 281/388/253 282/387/253 284/389/253 283/390/253
f 283/390/254 284/389/254 286/391/254 285/392/254
f 276/393/255 274/394/255 288/395/255 286/396/255 284/397/255 282/398/255 280/399/255 278/400/255
f 285/392/256 286/391/256 288/401/256 287/402/256
f 287/402/257 288/401/257 274/378/257 273/377/257
f 273/403/258 275/404/258 277/405/258 279/406/258 281/407/258 283/408/258 285/409/258 287/410/258
f 280/385/259 282/387/259 293/411/259 292/412/259
f 288/401/260 286/391/260 295/413/260 296/414/260
f 276/379/261 278/381/261 291/415/261 290/416/261
f 282/387/262 284/389/262 294/417/262 293/411/262
f 274/378/263 288/401/263 296/414/263 289/418/263
f 274/378/264 276/379/264 290/416/264 289/418/264
f 278/384/265 280/385/265 292/412/265 291/419/265
f 284/389/266 286/391/266 295/413/266 294/417/266
f 291/419/267 292/412/267 300/420/267 299/421/267
f 289/418/268 290/416/268 298/422/268 297/423/268
f 289/418/269 296/414/269 304/424/269 297/423/269
f 294/417/270 295/413/270 303/425/270 302/426/270
f 292/412/271 293/411/271 301/427/271 300/420/271
f 290/416/272 291/415/272 299/428/272 298/422/272
f 296/414/273 295/413/273 303/425/273 304/424/273
f 293/411/274 294/417/274 302/426/274 301/427/274
f 297/423/275 304/424/275 312/429/275 305/430/275
f 302/426/276 303/425/276 311/431/276 310/432/276
f 300/420/277 301/427/277 309/433/277 308/434/277
f 298/422/278 299/428/278 307/435/278 306/436/278
f 304/424/279 303/425/279 311/431/279 312/429/279
f 301/427/280 302/426/280 310/432/280 309/433/280
f 299/421/281 300/420/281 308/434/281 307/437/281
f 297/423/282 298/422/282 306/436/282 305/430/282
f 321/438/283 322/439/283 320/440/283 313/441/283
f 323/442/284 324/443/284 319/444/284 318/445/284
f 325/446/285 326/447/285 317/448/285 316/449/285
f 327/450/286 328/451/286 315/452/286 314/453/286
f 322/439/287 324/443/287 319/444/287 320/440/287
f 326/447/288 323/442/288 318/445/288 317/448/288
f 328/454/289 325/446/289 316/449/289 315/455/289
f 321/438/290 327/450/290 314/453/290 313/441/290
f 305/430/291 306/436/291 327/450/291 321/438/291
f 307/437/292 308/434/292 325/446/292 328/454/292
f 309/433/293 310/432/293 323/442/293 326/447/293
f 312/429/294 311/431/294 324/443/294 322/439/294
f 306/436/295 307/435/295 328/451/295 327/450/295
f 308/434/296 309/433/296 326/447/296 325/446/296
f 310/432/297 311/431/297 324/443/297 323/442/297
f 305/430/298 312/429/298 322/439/298 321/438/298
f 314/456/299 315/457/299 316/458/299 317/459/299 318/460/299 319/461/299 320/462/299 313/463/299
f 329/464/300 330/465/300 332/466/300 331/467/300
f 331/467/301 332/466/301 334/468/301 333/469/301
f 333/470/302 334/468/302 336/471/302 335/472/302
f 335/472/303 336/471/303 338/473/303 337/474/303
f 337/474/304 338/473/304 340/475/304 339/476/304
f 339/476/305 340/475/305 342/477/305 341/478/305
f 332/479/269 330/480/269 344/481/269 342/482/269 340/483/269 338/484/269 336/485/269 334/486/269
f 341/478/306 342/477/306 344/487/306 343/488/306
f 343/488/307 344/487/307 330/465/307 329/464/307
f 329/489/308 331/490/308 333/491/308 335/492/308 337/493/308 339/494/308 341/495/308 343/496/308
f 336/471/309 338/473/309 349/497/309 348/498/309
f 344/487/310 342/477/310 351/499/310 352/500/310
f 332/466/311 334/468/311 347/501/311 346/502/311
f 338/473/312 340/475/312 350/503/312 349/497/312
f 330/465/313 344/487/313 352/500/313 345/504/313
f 330/465/314 332/466/314 346/505/314 345/504/314
f 334/468/315 336/471/315 348/498/315 347/501/315
f 340/475/316 342/477/316 351/499/316 350/503/316
f 347/501/317 348/498/317 356/506/317 355/507/317
f 345/504/318 346/505/318 354/508/318 353/509/318
f 345/504/319 352/500/319 360/510/319 353/509/319
f 350/503/320 351/499/320 359/511/320 358/512/320
f 348/498/321 349/497/321 357/513/321 356/506/321
f 346/502/322 347/501/322 355/507/322 354/514/322
f 352/500/323 351/499/323 359/511/323 360/510/323
f 349/497/324 350/503/324 358/512/324 357/513/324
f 353/509/325 360/510/325 368/515/325 361/516/325
f 358/512/326 359/511/326 367/517/326 366/518/326
f 356/506/327 357/513/327 365/519/327 364/520/327
f 354/514/328 355/507/328 363/521/328 362/522/328
f 360/510/329 359/511/329 367/517/329 368/515/329
f 357/513/330 358/512/330 366/518/330 365/519/330
f 355/507/331 356/506/331 364/520/331 363/521/331
f 353/509/332 354/508/332 362/523/332 361/516/332
f 377/524/333 378/525/333 376/526/333 369/527/333
f 379/528/334 380/529/334 375/530/334 374/531/334
f 381/532/335 382/533/335 373/534/335 372/535/335
f 383/536/336 384/537/336 371/538/336 370/539/336
f 378/525/337 380/529/337 375/530/337 376/526/337
f 382/533/338 379/528/338 374/531/338 373/534/338
f 384/537/339 381/532/339 372/535/339 371/538/339
f 377/524/340 383/540/340 370/541/340 369/527/340
f 361/516/341 362/523/341 383/540/341 377/524/341
f 363/521/342 364/520/342 381/532/342 384/537/342
f 365/519/343 366/518/343 379/528/343 382/533/343
f 368/515/344 367/517/344 380/529/344 378/525/344
f 362/522/345 363/521/345 384/537/345 383/536/345
f 364/520/346 365/519/346 382/533/346 381/532/346
f 366/518/347 367/517/347 380/529/347 379/528/347
f 361/516/348 368/515/348 378/525/348 377/524/348
f 370/542/349 371/543/349 372/544/349 373/545/349 374/546/349 375/547/349 376/548/349 369/549/349
f 385/550/350 386/551/350 388/552/350 387/553/350
f 387/554/351 388/555/351 390/556/351 389/557/351
f 389/557/352 390/556/352 392/558/352 391/559/352
f 391/559/353 392/558/353 394/560/353 393/561/353
f 393/561/354 394/560/354 396/562/354 395/563/354
f 395/563/355 396/562/355 398/564/355 397/565/355
f 388/566/161 386/567/161 400/568/161 398/569/161 396/570/161 394/571/161 392/572/161 390/573/161
f 397/565/356 398/564/356 400/574/356 399/575/356
f 399/575/357 400/574/357 386/551/357 385/550/357
f 385/576/358 387/577/358 389/578/358 391/579/358 393/580/358 395/581/358 397/582/358 399/583/358
f 392/558/359 394/560/359 405/584/359 404/585/359
f 400/574/360 398/564/360 407/586/360 408/587/360
f 388/555/361 390/556/361 403/588/361 402/589/361
f 394/560/362 396/562/362 406/590/362 405/584/362
f 386/551/363 400/574/363 408/587/363 401/591/363
f 386/551/364 388/552/364 402/592/364 401/591/364
f 390/556/365 392/558/365 404/585/365 403/588/365
f 396/562/366 398/564/366 407/586/366 406/590/366
f 403/588/367 404/585/367 412/593/367 411/594/367
f 401/591/368 402/592/368 410/595/368 409/596/368
f 401/591/369 408/587/369 416/597/369 409/596/369
f 406/590/370 407/586/370 415/598/370 414/599/370
f 404/585/371 405/584/371 413/600/371 412/593/371
f 402/589/372 403/588/372 411/594/372 410/601/372
f 408/587/373 407/586/373 415/598/373 416/597/373
f 405/584/374 406/590/374 414/599/374 413/600/374
f 409/596/375 416/597/375 424/602/375 417/603/375
f 414/599/376 415/598/376 423/604/376 422/605/376
f 412/593/377 413/600/377 421/606/377 420/607/377
f 410/601/378 411/594/378 419/608/378 418/609/378
f 416/597/379 415/598/379 423/604/379 424/602/379
f 413/600/380 414/599/380 422/605/380 421/606/380
f 411/594/381 412/593/381 420/607/381 419/608/381
f 409/596/382 410/595/382 418/610/382 417/603/382
f 433/611/383 434/612/383 432/613/383 425/614/383
f 435/615/384 436/616/384 431/617/384 430/618/384
f 437/619/385 438/620/385 429/621/385 428/622/385
f 439/623/386 440/624/386 427/625/386 426/626/386
f 434/612/387 436/616/387 431/617/387 432/613/387
f 438/620/388 435/615/388 430/618/388 429/621/388
f 440/624/389 437/619/389 428/622/389 427/625/389
f 433/611/390 439/627/390 426/628/390 425/614/390
f 417/603/391 418/610/391 439/627/391 433/611/391
f 419/608/392 420/607/392 437/619/392 440/624/392
f 421/606/393 422/605/393 435/615/393 438/620/393
f 424/602/394 423/604/394 436/616/394 434/612/394
f 418/609/395 419/608/395 440/624/395 439/623/395
f 420/607/396 421/606/396 438/620/396 437/619/396
f 422/605/397 423/604/397 436/616/397 435/615/397
f 417/603/398 424/602/398 434/612/398 433/611/398
f 426/629/399 427/630/399 428/631/399 429/632/399 430/633/399 431/634/399 432/635/399 425/636/399
f 441/637/400 442/638/400 444/639/400 443/640/400
f 443/640/401 444/639/401 446/641/401 445/642/401
f 445/642/402 446/641/402 448/643/402 447/644/402
f 447/645/403 448/646/403 450/647/403 449/648/403
f 449/648/404 450/647/404 452/649/404 451/650/404
f 451/650/405 452/649/405 454/651/405 453/652/405
f 444/653/406 442/654/406 456/655/406 454/656/406 452/657/406 450/658/406 448/659/406 446/660/406
f 453/652/407 454/651/407 456/661/407 455/662/407
f 455/662/408 456/661/408 442/638/408 441/637/408
f 441/663/409 443/664/409 445/665/409 447/666/409 449/667/409 451/668/409 453/669/409 455/670/409
f 448/646/410 450/647/410 461/671/410 460/672/410
f 456/661/411 454/651/411 463/673/411 464/674/411
f 444/639/412 446/641/412 459/675/412 458/676/412
f 450/647/413 452/649/413 462/677/413 461/671/413
f 442/638/414 456/661/414 464/674/414 457/678/414
f 442/638/415 444/639/415 458/676/415 457/678/415
f 446/641/416 448/643/416 460/679/416 459/675/416
f 452/649/417 454/651/417 463/673/417 462/677/417
f 459/675/418 460/679/418 468/680/418 467/681/418
f 457/678/419 458/676/419 466/682/419 465/683/419
f 457/678/420 464/674/420 472/684/420 465/683/420
f 462/677/421 463/673/421 471/685/421 470/686/421
f 460/672/422 461/671/422 469/687/422 468/688/422
f 458/676/423 459/675/423 467/681/423 466/682/423
f 464/674/424 463/673/424 471/685/424 472/684/424
f 461/671/425 462/677/425 470/686/425 469/687/425
f 465/683/426 472/684/426 480/689/426 473/690/426
f 470/686/427 471/685/427 479/691/427 478/692/427
f 468/688/428 469/687/428 477/693/428 476/694/428
f 466/682/429 467/681/429 475/695/429 474/696/429
f 472/684/430 471/685/430 479/691/430 480/689/430
f 469/687/431 470/686/431 478/692/431 477/693/431
f 467/681/432 468/680/432 476/697/432 475/695/432
f 465/683/433 466/682/433 474/696/433 473/690/433
f 489/698/434 490/699/434 488/700/434 481/701/434
f 491/702/435 492/703/435 487/704/435 486/705/435
f 493/706/436 494/707/436 485/708/436 484/709/436
f 495/710/437 496/711/437 483/712/437 482/713/437
f 490/699/438 492/703/438 487/704/438 488/700/438
f 494/707/439 491/702/439 486/705/439 485/708/439
f 496/711/440 493/714/440 484/715/440 483/712/440
f 489/698/441 495/710/441 482/713/441 481/701/441
f 473/690/442 474/696/442 495/710/442 489/698/442
f 475/695/443 476/697/443 493/714/443 496/711/443
f 477/693/444 478/692/444 491/702/444 494/707/444
f 480/689/445 479/691/445 492/703/445 490/699/445
f 474/696/446 475/695/446 496/711/446 495/710/446
f 476/694/447 477/693/447 494/707/447 493/706/447
f 478/692/448 479/691/448 492/703/448 491/702/448
f 473/690/449 480/689/449 490/699/449 489/698/449
f 482/716/450 483/717/450 484/718/450 485/719/450 486/720/450 487/721/450 488/722/450 481/723/450
f 497/724/451 498/725/451 500/726/451 499/727/451
f 499/728/452 500/729/452 502/730/452 501/731/452
f 501/731/453 502/730/453 504/732/453 503/733/453
f 503/733/454 504/732/454 506/734/454 505/735/454
f 505/735/455 506/734/455 508/736/455 507/737/455
f 507/737/456 508/736/456 510/738/456 509/739/456
f 500/740/457 498/741/457 512/742/457 510/743/457 508/744/457 506/745/457 504/746/457 502/747/457
f 509/739/458 510/738/458 512/748/458 511/749/458
f 511/749/459 512/748/459 498/725/459 497/724/459
f 497/750/218 499/751/218 501/752/218 503/753/218 505/754/218 507/755/218 509/756/218 511/757/218
f 504/732/460 506/734/460 517/758/460 516/759/460
f 512/748/461 510/738/461 519/760/461 520/761/461
f 500/729/462 502/730/462 515/762/462 514/763/462
f 506/734/463 508/736/463 518/764/463 517/758/463
f 498/725/464 512/748/464 520/761/464 513/765/464
f 498/725/465 500/726/465 514/766/465 513/765/465
f 502/730/466 504/732/466 516/759/466 515/762/466
f 508/736/467 510/738/467 519/760/467 518/764/467
f 515/762/468 516/759/468 524/767/468 523/768/468
f 513/765/469 514/766/469 522/769/469 521/770/469
f 513/765/470 520/761/470 528/771/470 521/770/470
f 518/764/471 519/760/471 527/772/471 526/773/471
f 516/759/472 517/758/472 525/774/472 524/767/472
f 514/763/473 515/762/473 523/768/473 522/775/473
f 520/761/474 519/760/474 527/772/474 528/771/474
f 517/758/475 518/764/475 526/773/475 525/774/475
f 521/770/476 528/771/476 536/776/476 529/777/476
f 526/773/477 527/772/477 535/778/477 534/779/477
f 524/767/478 525/774/478 533/780/478 532/781/478
f 522/775/479 523/768/479 531/782/479 530/783/479
f 528/771/480 527/772/480 535/778/480 536/776/480
f 525/774/481 526/773/481 534/779/481 533/780/481
f 523/768/482 524/767/482 532/781/482 531/782/482
f 521/770/483 522/769/483 530/784/483 529/777/483
f 545/785/484 546/786/484 544/787/484 537/788/484
f 547/789/485 548/790/485 543/791/485 542/792/485
f 549/793/486 550/794/486 541/795/486 540/796/486
f 551/797/487 552/798/487 539/799/487 538/800/487
f 546/786/488 548/790/488 543/791/488 544/787/488
f 550/794/489 547/789/489 542/792/489 541/795/489
f 552/798/490 549/793/490 540/796/490 539/799/490
f 545/785/491 551/801/491 538/802/491 537/788/491
f 529/777/492 530/784/492 551/801/492 545/785/492
f 531/782/493 532/781/493 549/793/493 552/798/493
f 533/780/494 534/779/494 547/789/494 550/794/494
f 536/776/495 535/778/495 548/790/495 546/786/495
f 530/783/496 531/782/496 552/798/496 551/797/496
f 532/781/497 533/780/497 550/794/497 549/793/497
f 534/779/498 535/778/498 548/790/498 547/789/498
f 529/777/499 536/776/499 546/786/499 545/785/499
f 538/803/500 539/804/500 540/805/500 541/806/500 542/807/500 543/808/500 544/809/500 537/810/500
f 553/811/501 554/812/501 556/813/501 555/814/501
f 555/815/502 556/816/502 558/817/502 557/818/502
f 557/818/503 558/817/503 560/819/503 559/820/503
f 559/820/504 560/819/504 562/821/504 561/822/504
f 561/822/505 562/821/505 564/823/505 563/824/505
f 563/824/506 564/823/506 566/825/506 565/826/506
f 556/827/203 554/828/203 568/829/203 566/830/203 564/831/203 562/832/203 560/833/203 558/834/203
f 565/826/507 566/825/507 568/835/507 567/836/507
f 567/836/508 568/835/508 554/812/508 553/811/508
f 553/837/509 555/838/509 557/839/509 559/840/509 561/841/509 563/842/509 565/843/509 567/844/509
f 560/819/510 562/821/510 573/845/510 572/846/510
f 568/835/511 566/825/511 575/847/511 576/848/511
f 556/816/512 558/817/512 571/849/512 570/850/512
f 562/821/513 564/823/513 574/851/513 573/845/513
f 554/812/406 568/835/406 576/848/406 569/852/406
f 554/812/514 556/813/514 570/853/514 569/852/514
f 558/817/515 560/819/515 572/846/515 571/849/515
f 564/823/516 566/825/516 575/847/516 574/851/516
f 571/849/517 572/846/517 580/854/517 579/855/517
f 569/852/518 570/853/518 578/856/518 577/857/518
f 569/852/519 576/848/519 584/858/519 577/857/519
f 574/851/520 575/847/520 583/859/520 582/860/520
f 572/846/521 573/845/521 581/861/521 580/854/521
f 570/850/522 571/849/522 579/855/522 578/862/522
f 576/848/523 575/847/523 583/859/523 584/858/523
f 573/845/524 574/851/524 582/860/524 581/861/524
f 577/857/525 584/858/525 592/863/525 585/864/525
f 582/860/526 583/859/526 591/865/526 590/866/526
f 580/854/527 581/861/527 589/867/527 588/868/527
f 578/862/528 579/855/528 587/869/528 586/870/528
f 584/858/529 583/859/529 591/865/529 592/863/529
f 581/861/530 582/860/530 590/866/530 589/867/530
f 579/855/531 580/854/531 588/868/531 587/869/531
f 577/857/532 578/856/532 586/871/532 585/864/532
f 601/872/533 602/873/533 600/874/533 593/875/533
f 603/876/534 604/877/534 599/878/534 598/879/534
f 605/880/535 606/881/535 597/882/535 596/883/535
f 607/884/536 608/885/536 595/886/536 594/887/536
f 602/873/537 604/877/537 599/878/537 600/874/537
f 606/881/538 603/876/538 598/879/538 597/882/538
f 608/885/539 605/880/539 596/883/539 595/886/539
f 601/872/540 607/888/540 594/889/540 593/875/540
f 585/864/541 586/871/541 607/888/541 601/872/541
f 587/869/542 588/868/542 605/880/542 608/885/542
f 589/867/543 590/866/543 603/876/543 606/881/543
f 592/863/544 591/865/544 604/877/544 602/873/544
f 586/870/545 587/869/545 608/885/545 607/884/545
f 588/868/546 589/867/546 606/881/546 605/880/546
f 590/866/547 591/865/547 604/877/547 603/876/547
f 585/864/548 592/863/548 602/873/548 601/872/548
f 594/890/549 595/891/549 596/892/549 597/893/549 598/894/549 599/895/549 600/896/549 593/897/549
f 609/898/550 610/899/550 612/900/550 611/901/550
f 611/901/551 612/900/551 614/902/551 613/903/551
f 613/904/552 614/905/552 616/906/552 615/907/552
f 615/907/553 616/906/553 618/908/553 617/909/553
f 617/909/554 618/908/554 620/910/554 619/911/554
f 619/911/555 620/910/555 622/912/555 621/913/555
f 612/914/556 610/915/556 624/916/556 622/917/556 620/918/556 618/919/556 616/920/556 614/921/556
f 621/913/557 622/912/557 624/922/557 623/923/557
f 623/923/558 624/922/558 610/899/558 609/898/558
f 609/924/559 611/925/559 613/926/559 615/927/559 617/928/559 619/929/559 621/930/559 623/931/559
f 616/906/560 618/908/560 629/932/560 628/933/560
f 624/922/561 622/912/561 631/934/561 632/935/561
f 612/900/562 614/902/562 627/936/562 626/937/562
f 618/908/563 620/910/563 630/938/563 629/932/563
f 610/899/564 624/922/564 632/935/564 625/939/564
f 610/899/565 612/900/565 626/937/565 625/939/565
f 614/905/566 616/906/566 628/933/566 627/940/566
f 620/910/567 622/912/567 631/934/567 630/938/567
f 627/940/568 628/933/568 636/941/568 635/942/568
f 625/939/569 626/937/569 634/943/569 633/944/569
f 625/939/570 632/935/570 640/945/570 633/944/570
f 630/938/571 631/934/571 639/946/571 638/947/571
f 628/933/572 629/932/572 637/948/572 636/941/572
f 626/937/573 627/936/573 635/949/573 634/943/573
f 632/935/574 631/934/574 639/946/574 640/945/574
f 629/932/575 630/938/575 638/947/575 637/948/575
f 633/944/576 640/945/576 648/950/576 641/951/576
f 638/947/577 639/946/577 647/952/577 646/953/577
f 636/941/578 637/948/578 645/954/578 644/955/578
f 634/943/579 635/949/579 643/956/579 642/957/579
f 640/945/580 639/946/580 647/952/580 648/950/580
f 637/948/581 638/947/581 646/953/581 645/954/581
f 635/942/582 636/941/582 644/955/582 643/958/582
f 633/944/583 634/943/583 642/957/583 641/951/583
f 657/959/584 658/960/584 656/961/584 649/962/584
f 659/963/585 660/964/585 655/965/585 654/966/585
f 661/967/586 662/968/586 653/969/586 652/970/586
f 663/971/587 664/972/587 651/973/587 650/974/587
f 658/960/588 660/964/588 655/965/588 656/961/588
f 662/968/589 659/963/589 654/966/589 653/969/589
f 664/975/590 661/967/590 652/970/590 651/976/590
f 657/959/591 663/971/591 650/974/591 649/962/591
f 641/951/592 642/957/592 663/971/592 657/959/592
f 643/958/593 644/955/593 661/967/593 664/975/593
f 645/954/594 646/953/594 659/963/594 662/968/594
f 648/950/595 647/952/595 660/964/595 658/960/595
f 642/957/596 643/956/596 664/972/596 663/971/596
f 644/955/597 645/954/597 662/968/597 661/967/597
f 646/953/598 647/952/598 660/964/598 659/963/598
f 641/951/599 648/950/599 658/960/599 657/959/599
f 650/977/600 651/978/600 652/979/600 653/980/600 654/981/600 655/982/600 656/983/600 649/984/600
f 665/985/601 666/986/601 668/987/601 667/988/601
f 667/988/602 668/987/602 670/989/602 669/990/602
f 669/990/603 670/989/603 672/991/603 671/992/603
f 671/992/604 672/991/604 674/993/604 673/994/604
f 673/994/605 674/993/605 676/995/605 675/996/605
f 675/996/606 676/995/606 678/997/606 677/998/606
f 668/999/607 666/1000/607 680/1001/607 678/1002/607 676/1003/607 674/1004/607 672/1005/607 670/1006/607
f 677/998/608 678/997/608 680/1007/608 679/1008/608
f 679/1008/609 680/1007/609 666/1009/609 665/1010/609
f 665/1011/610 667/1012/610 669/1013/610 671/1014/610 673/1015/610 675/1016/610 677/1017/610 679/1018/610
f 672/991/611 674/993/611 685/1019/611 684/1020/611
f 680/1007/612 678/997/612 687/1021/612 688/1022/612
f 668/987/613 670/989/613 683/1023/613 682/1024/613
f 674/993/614 676/995/614 686/1025/614 685/1019/614
f 666/1009/615 680/1007/615 688/1022/615 681/1026/615
f 666/986/616 668/987/616 682/1024/616 681/1027/616
f 670/989/617 672/991/617 684/1020/617 683/1023/617
f 676/995/618 678/997/618 687/1021/618 686/1025/618
f 683/1023/619 684/1020/619 692/1028/619 691/1029/619
f 681/1027/620 682/1024/620 690/1030/620 689/1031/620
f 681/1026/621 688/1022/621 696/1032/621 689/1033/621
f 686/1025/622 687/1021/622 695/1034/622 694/1035/622
f 684/1020/623 685/1019/623 693/1036/623 692/1028/623
f 682/1024/624 683/1023/624 691/1029/624 690/1030/624
f 688/1022/556 687/1021/556 695/1034/556 696/1032/556
f 685/1019/625 686/1025/625 694/1035/625 693/1036/625
f 689/1033/626 696/1032/626 704/1037/626 697/1038/626
f 694/1035/627 695/1034/627 703/1039/627 702/1040/627
f 692/1028/628 693/1036/628 701/1041/628 700/1042/628
f 690/1030/629 691/1029/629 699/1043/629 698/1044/629
f 696/1032/630 695/1034/630 703/1039/630 704/1037/630
f 693/1036/631 694/1035/631 702/1040/631 701/1041/631
f 691/1029/632 692/1028/632 700/1042/632 699/1043/632
f 689/1031/633 690/1030/633 698/1044/633 697/1045/633
f 713/1046/634 714/1047/634 712/1048/634 705/1049/634
f 715/1050/635 716/1051/635 711/1052/635 710/1053/635
f 717/1054/636 718/1055/636 709/1056/636 708/1057/636
f 719/1058/637 720/1059/637 707/1060/637 706/1061/637
f 714/1047/638 716/1051/638 711/1052/638 712/1048/638
f 718/1055/639 715/1050/639 710/1053/639 709/1056/639
f 720/1059/640 717/1054/640 708/1057/640 707/1060/640
f 713/1062/641 719/1058/641 706/1061/641 705/1063/641
f 697/1045/642 698/1044/642 719/1058/642 713/1062/642
f 699/1043/643 700/1042/643 717/1054/643 720/1059/643
f 701/1041/644 702/1040/644 715/1050/644 718/1055/644
f 704/1037/645 703/1039/645 716/1051/645 714/1047/645
f 698/1044/646 699/1043/646 720/1059/646 719/1058/646
f 700/1042/647 701/1041/647 718/1055/647 717/1054/647
f 702/1040/648 703/1039/648 716/1051/648 715/1050/648
f 697/1038/649 704/1037/649 714/1047/649 713/1046/649
f 706/1064/650 707/1065/650 708/1066/650 709/1067/650 710/1068/650 711/1069/650 712/1070/650 705/1071/650
f 721/1072/651 722/1073/651 724/1074/651 723/1075/651
f 723/1075/652 724/1074/652 726/1076/652 725/1077/652
f 725/1077/653 726/1076/653 728/1078/653 727/1079/653
f 727/1079/654 728/1078/654 730/1080/654 729/1081/654
f 729/1081/655 730/1080/655 732/1082/655 731/1083/655
f 731/1083/656 732/1082/656 734/1084/656 733/1085/656
f 724/1086/603 722/1087/603 736/1088/603 734/1089/603 732/1090/603 730/1091/603 728/1092/603 726/1093/603
f 733/1085/657 734/1084/657 736/1094/657 735/1095/657
f 735/1096/658 736/1097/658 722/1073/658 721/1072/658
f 721/1098/659 723/1099/659 725/1100/659 727/1101/659 729/1102/659 731/1103/659 733/1104/659 735/1105/659
f 728/1078/660 730/1080/660 741/1106/660 740/1107/660
f 736/1094/661 734/1084/661 743/1108/661 744/1109/661
f 724/1074/662 726/1076/662 739/1110/662 738/1111/662
f 730/1080/663 732/1082/663 742/1112/663 741/1106/663
f 722/1073/664 736/1097/664 744/1113/664 737/1114/664
f 722/1073/665 724/1074/665 738/1111/665 737/1114/665
f 726/1076/666 728/1078/666 740/1107/666 739/1110/666
f 732/1082/667 734/1084/667 743/1108/667 742/1112/667
f 739/1110/668 740/1107/668 748/1115/668 747/1116/668
f 737/1114/669 738/1111/669 746/1117/669 745/1118/669
f 737/1114/670 744/1113/670 752/1119/670 745/1118/670
f 742/1112/671 743/1108/671 751/1120/671 750/1121/671
f 740/1107/672 741/1106/672 749/1122/672 748/1115/672
f 738/1111/673 739/1110/673 747/1116/673 746/1117/673
f 744/1109/674 743/1108/674 751/1120/674 752/1123/674
f 741/1106/675 742/1112/675 750/1121/675 749/1122/675
f 745/1118/676 752/1119/676 760/1124/676 753/1125/676
f 750/1121/677 751/1120/677 759/1126/677 758/1127/677
f 748/1115/678 749/1122/678 757/1128/678 756/1129/678
f 746/1117/679 747/1116/679 755/1130/679 754/1131/679
f 752/1123/680 751/1120/680 759/1126/680 760/1132/680
f 749/1122/681 750/1121/681 758/1127/681 757/1128/681
f 747/1116/682 748/1115/682 756/1129/682 755/1130/682
f 745/1118/683 746/1117/683 754/1131/683 753/1125/683
f 769/1133/684 770/1134/684 768/1135/684 761/1136/684
f 771/1137/685 772/1138/685 767/1139/685 766/1140/685
f 773/1141/686 774/1142/686 765/1143/686 764/1144/686
f 775/1145/687 776/1146/687 763/1147/687 762/1148/687
f 770/1149/688 772/1138/688 767/1139/688 768/1150/688
f 774/1142/689 771/1137/689 766/1140/689 765/1143/689
f 776/1146/690 773/1141/690 764/1144/690 763/1147/690
f 769/1133/691 775/1145/691 762/1148/691 761/1136/691
f 753/1125/692 754/1131/692 775/1145/692 769/1133/692
f 755/1130/693 756/1129/693 773/1141/693 776/1146/693
f 757/1128/694 758/1127/694 771/1137/694 774/1142/694
f 760/1132/695 759/1126/695 772/1138/695 770/1149/695
f 754/1131/696 755/1130/696 776/1146/696 775/1145/696
f 756/1129/697 757/1128/697 774/1142/697 773/1141/697
f 758/1127/698 759/1126/698 772/1138/698 771/1137/698
f 753/1125/699 760/1124/699 770/1134/699 769/1133/699
f 762/1151/700 763/1152/700 764/1153/700 765/1154/700 766/1155/700 767/1156/700 768/1157/700 761/1158/700
f 777/1159/701 778/1160/701 780/1161/701 779/1162/701
f 779/1163/702 780/1164/702 782/1165/702 781/1166/702
f 781/1166/703 782/1165/703 784/1167/703 783/1168/703
f 783/1168/704 784/1167/704 786/1169/704 785/1170/704
f 785/1170/705 786/1169/705 788/1171/705 787/1172/705
f 787/1172/706 788/1171/706 790/1173/706 789/1174/706
f 780/1175/707 778/1176/707 792/1177/707 790/1178/707 788/1179/707 786/1180/707 784/1181/707 782/1182/707
f 789/1174/708 790/1173/708 792/1183/708 791/1184/708
f 791/1184/709 792/1183/709 778/1160/709 777/1159/709
f 777/1185/710 779/1186/710 781/1187/710 783/1188/710 785/1189/710 787/1190/710 789/1191/710 791/1192/710
f 784/1167/711 786/1169/711 797/1193/711 796/1194/711
f 792/1183/712 790/1173/712 799/1195/712 800/1196/712
f 780/1164/713 782/1165/713 795/1197/713 794/1198/713
f 786/1169/714 788/1171/714 798/1199/714 797/1193/714
f 778/1160/715 792/1183/715 800/1196/715 793/1200/715
f 778/1160/716 780/1161/716 794/1201/716 793/1200/716
f 782/1165/717 784/1167/717 796/1194/717 795/1197/717
f 788/1171/718 790/1173/718 799/1195/718 798/1199/718
f 795/1197/719 796/1194/719 804/1202/719 803/1203/719
f 793/1200/720 794/1201/720 802/1204/720 801/1205/720
f 793/1200/721 800/1196/721 808/1206/721 801/1205/721
f 798/1199/722 799/1195/722 807/1207/722 806/1208/722
f 796/1194/723 797/1193/723 805/1209/723 804/1202/723
f 794/1198/724 795/1197/724 803/1203/724 802/1210/724
f 800/1196/725 799/1195/725 807/1207/725 808/1206/725
f 797/1193/726 798/1199/726 806/1208/726 805/1209/726
f 801/1205/727 808/1206/727 816/1211/727 809/1212/727
f 806/1208/728 807/1207/728 815/1213/728 814/1214/728
f 804/1202/729 805/1209/729 813/1215/729 812/1216/729
f 802/1210/730 803/1203/730 811/1217/730 810/1218/730
f 808/1206/731 807/1207/731 815/1213/731 816/1211/731
f 805/1209/732 806/1208/732 814/1214/732 813/1215/732
f 803/1203/733 804/1202/733 812/1216/733 811/1217/733
f 801/1205/734 802/1204/734 810/1219/734 809/1212/734
f 825/1220/735 826/1221/735 824/1222/735 817/1223/735
f 827/1224/736 828/1225/736 823/1226/736 822/1227/736
f 829/1228/737 830/1229/737 821/1230/737 820/1231/737
f 831/1232/738 832/1233/738 819/1234/738 818/1235/738
f 826/1221/739 828/1225/739 823/1226/739 824/1222/739
f 830/1229/740 827/1224/740 822/1227/740 821/1230/740
f 832/1233/741 829/1228/741 820/1231/741 819/1234/741
f 825/1220/742 831/1236/742 818/1237/742 817/1223/742
f 809/1212/743 810/1219/743 831/1236/743 825/1220/743
f 811/1217/744 812/1216/744 829/1228/744 832/1233/744
f 813/1215/745 814/1214/745 827/1224/745 830/1229/745
f 816/1211/746 815/1213/746 828/1225/746 826/1221/746
f 810/1218/747 811/1217/747 832/1233/747 831/1232/747
f 812/1216/748 813/1215/748 830/1229/748 829/1228/748
f 814/1214/749 815/1213/749 828/1225/749 827/1224/749
f 809/1212/750 816/1211/750 826/1221/750 825/1220/750
f 818/1238/751 819/1239/751 820/1240/751 821/1241/751 822/1242/751 823/1243/751 824/1244/751 817/1245/751
f 833/1246/752 834/1247/752 836/1248/752 835/1249/752
f 835/1249/753 836/1248/753 838/1250/753 837/1251/753
f 837/1252/754 838/1253/754 840/1254/754 839/1255/754
f 839/1255/755 840/1254/755 842/1256/755 841/1257/755
f 841/1257/756 842/1256/756 844/1258/756 843/1259/756
f 843/1259/757 844/1258/757 846/1260/757 845/1261/757
f 836/1262/758 834/1263/758 848/1264/758 846/1265/758 844/1266/758 842/1267/758 840/1268/758 838/1269/758
f 845/1261/759 846/1260/759 848/1270/759 847/1271/759
f 847/1271/760 848/1270/760 834/1247/760 833/1246/760
f 833/1272/761 835/1273/761 837/1274/761 839/1275/761 841/1276/761 843/1277/761 845/1278/761 847/1279/761
f 840/1254/762 842/1256/762 853/1280/762 852/1281/762
f 848/1270/763 846/1260/763 855/1282/763 856/1283/763
f 836/1248/764 838/1250/764 851/1284/764 850/1285/764
f 842/1256/765 844/1258/765 854/1286/765 853/1280/765
f 834/1247/766 848/1270/766 856/1283/766 849/1287/766
f 834/1247/767 836/1248/767 850/1285/767 849/1287/767
f 838/1253/768 840/1254/768 852/1281/768 851/1288/768
f 844/1258/769 846/1260/769 855/1282/769 854/1286/769
f 851/1288/770 852/1281/770 860/1289/770 859/1290/770
f 849/1287/771 850/1285/771 858/1291/771 857/1292/771
f 849/1287/772 856/1283/772 864/1293/772 857/1292/772
f 854/1286/773 855/1282/773 863/1294/773 862/1295/773
f 852/1281/774 853/1280/774 861/1296/774 860/1289/774
f 850/1285/775 851/1284/775 859/1297/775 858/1291/775
f 856/1283/776 855/1282/776 863/1294/776 864/1293/776
f 853/1280/777 854/1286/777 862/1295/777 861/1296/777
f 857/1292/778 864/1293/778 872/1298/778 865/1299/778
f 862/1295/779 863/1294/779 871/1300/779 870/1301/779
f 860/1289/780 861/1296/780 869/1302/780 868/1303/780
f 858/1291/781 859/1297/781 867/1304/781 866/1305/781
f 864/1293/782 863/1294/782 871/1300/782 872/1298/782
f 861/1296/783 862/1295/783 870/1301/783 869/1302/783
f 859/1290/784 860/1289/784 868/1303/784 867/1306/784
f 857/1292/785 858/1291/785 866/1305/785 865/1299/785
f 881/1307/786 882/1308/786 880/1309/786 873/1310/786
f 883/1311/787 884/1312/787 879/1313/787 878/1314/787
f 885/1315/788 886/1316/788 877/1317/788 876/1318/788
f 887/1319/789 888/1320/789 875/1321/789 874/1322/789
f 882/1308/790 884/1312/790 879/1313/790 880/1309/790
f 886/1316/791 883/1311/791 878/1314/791 877/1317/791
f 888/1323/792 885/1315/792 876/1318/792 875/1324/792
f 881/1307/793 887/1319/793 874/1322/793 873/1310/793
f 865/1299/794 866/1305/794 887/1319/794 881/1307/794
f 867/1306/795 868/1303/795 885/1315/795 888/1323/795
f 869/1302/796 870/1301/796 883/1311/796 886/1316/796
f 872/1298/797 871/1300/797 884/1312/797 882/1308/797
f 866/1305/798 867/1304/798 888/1320/798 887/1319/798
f 868/1303/799 869/1302/799 886/1316/799 885/1315/799
f 870/1301/800 871/1300/800 884/1312/800 883/1311/800
f 865/1299/801 872/1298/801 882/1308/801 881/1307/801
f 874/1325/802 875/1326/802 876/1327/802 877/1328/802 878/1329/802 879/1330/802 880/1331/802 873/1332/802
o Leaf
v 1.807051 28.823011 -5.087616
v 1.989849 28.593784 -5.042109
v 1.664482 28.686905 -5.513136
v 1.906364 28.383587 -5.452919
v 1.532205 28.541164 -5.909815
v 1.810736 28.191891 -5.840474
v 1.532205 28.541164 -5.909815
v 1.810736 28.191891 -5.840474
v 1.400168 28.344570 -6.314960
v 1.668352 28.008270 -6.248196
v 1.303447 28.154953 -6.626098
v 1.523349 27.879200 -6.571353
v 1.190058 27.888330 -6.977795
v 1.308689 27.739569 -6.948262
v 1.051960 27.616283 -7.288801
v 1.075223 27.587112 -7.283010
v 1.942901 28.938457 -4.664515
v 2.052505 28.801014 -4.637228
v 1.010638 27.543282 -7.367443
vn 0.7495 0.5151 -0.4159
vn 0.7442 0.5072 -0.4345
vn -0.7314 -0.4888 0.4756
vn -0.7187 -0.4717 0.5109
vn -0.6975 -0.4446 0.5620
vn -0.6578 -0.3975 0.6398
vn 0.7569 0.5268 -0.3868
vn -0.6344 -0.3713 0.6780
vt 0.000000 0.000000
vt 1.000000 0.000000
vt 1.000000 1.000000
vt 0.000000 1.000000
s 0
usemtl Material
f 889/1333/803 890/1334/803 892/1335/803 891/1336/803
f 891/1336/804 892/1335/804 894/1335/804 893/1336/804
f 896/1333/805 895/1333/805 897/1333/805 898/1333/805
f 898/1333/806 897/1333/806 899/1333/806 900/1333/806
f 900/1333/807 899/1333/807 901/1333/807 902/1333/807
f 902/1333/808 901/1333/808 903/1333/808 904/1333/808
f 890/1334/809 889/1333/809 905/1333/809 906/1334/809
f 904/1333/810 903/1333/810 907/1333/810
o Leaf.001
v -1.118957 27.475290 2.134457
v -1.189390 27.542242 2.297477
v -0.831481 27.483036 2.219773
v -0.924679 27.571629 2.435484
v -0.563452 27.488386 2.311230
v -0.670771 27.590401 2.559624
v -0.563452 27.488386 2.311230
v -0.670771 27.590401 2.559624
v -0.289978 27.489958 2.434992
v -0.393310 27.588184 2.674159
v -0.080737 27.489286 2.554850
v -0.165466 27.569828 2.750959
v 0.157347 27.479988 2.722737
v 0.111638 27.523438 2.828532
v 0.377794 27.445641 2.889723
v 0.368830 27.454161 2.910469
v -1.403105 27.461821 2.061457
v -1.445336 27.501965 2.159202
v 0.435193 27.432762 2.933871
vn 0.0786 0.9336 -0.3495
vn 0.0979 0.9347 -0.3416
vn -0.1410 -0.9357 0.3234
vn -0.1787 -0.9349 0.3067
vn -0.2344 -0.9307 0.2809
vn -0.3224 -0.9164 0.2371
vn 0.0487 0.9311 -0.3614
vn -0.3671 -0.9054 0.2132
vt 0.000000 0.000000
vt 1.000000 0.000000
vt 1.000000 1.000000
vt 0.000000 1.000000
s 0
usemtl Material.003
f 908/1337/811 909/1338/811 911/1339/811 910/1340/811
f 910/1340/812 911/1339/812 913/1339/812 912/1340/812
f 915/1337/813 914/1337/813 916/1337/813 917/1337/813
f 917/1337/814 916/1337/814 918/1337/814 919/1337/814
f 919/1337/815 918/1337/815 920/1337/815 921/1337/815
f 921/1337/816 920/1337/816 922/1337/816 923/1337/816
f 909/1338/817 908/1337/817 924/1337/817 925/1338/817
f 923/1337/818 922/1337/818 926/1337/818
o Leaf.002
v 1.410746 28.474964 3.329367
v 1.361262 28.428516 3.404977
v 1.558217 28.445211 3.385540
v 1.492739 28.383753 3.485589
v 1.695315 28.411871 3.441098
v 1.619917 28.341101 3.556306
v 1.695315 28.411871 3.441098
v 1.619917 28.341101 3.556306
v 1.834119 28.363840 3.506297
v 1.761522 28.295698 3.617225
v 1.939329 28.315956 3.563768
v 1.879802 28.260082 3.654725
v 2.058259 28.245459 3.636114
v 2.026145 28.215315 3.685182
v 2.169763 28.166748 3.696351
v 2.163466 28.160837 3.705973
v 1.264903 28.497696 3.275217
v 1.235234 28.469847 3.320552
v 2.199058 28.144655 3.710639
vn -0.0222 0.8583 0.5127
vn -0.0039 0.8532 0.5216
vn -0.0370 -0.8405 -0.5405
vn -0.0729 -0.8278 -0.5562
vn -0.1263 -0.8062 -0.5779
vn -0.2114 -0.7650 -0.6083
vn -0.0503 0.8653 0.4987
vn -0.2551 -0.7405 -0.6218
vt 0.000000 0.000000
vt 1.000000 0.000000
vt 1.000000 1.000000
vt 0.000000 1.000000
s 0
usemtl Material.004
f 927/1341/819 928/1342/819 930/1343/819 929/1344/819
f 929/1344/820 930/1343/820 932/1343/820 931/1344/820
f 934/1341/821 933/1341/821 935/1341/821 936/1341/821
f 936/1341/822 935/1341/822 937/1341/822 938/1341/822
f 938/1341/823 937/1341/823 939/1341/823 940/1341/823
f 940/1341/824 939/1341/824 941/1341/824 942/1341/824
f 928/1342/825 927/1341/825 943/1341/825 944/1342/825
f 942/1341/826 941/1341/826 945/1341/826
